SEASON,GAME_ID,GAME_DATE,HOME_TEAM_ID,HOME_TEAM,HOME_WIN,HOME_PTS,HOME_WIN_PCT,HOME_PTS_AVG,HOME_PLUS_MINUS_AVG,HOME_ROLL_WIN_PCT_10,HOME_ROLL_PTS_10,HOME_ROLL_PLUS_MINUS_10,HOME_REST_DAYS,HOME_SEASON_WINS,HOME_SEASON_LOSSES,HOME_ORTG_AVG,HOME_DRTG_AVG,HOME_NET_RTG_AVG,HOME_ROLL_ORTG_10,HOME_ROLL_DRTG_10,HOME_ROLL_NET_RTG_10,AWAY_TEAM_ID,AWAY_TEAM,AWAY_WIN,AWAY_PTS,AWAY_WIN_PCT,AWAY_PTS_AVG,AWAY_PLUS_MINUS_AVG,AWAY_ROLL_WIN_PCT_10,AWAY_ROLL_PTS_10,AWAY_ROLL_PLUS_MINUS_10,AWAY_REST_DAYS,AWAY_SEASON_WINS,AWAY_SEASON_LOSSES,AWAY_ORTG_AVG,AWAY_DRTG_AVG,AWAY_NET_RTG_AVG,AWAY_ROLL_ORTG_10,AWAY_ROLL_DRTG_10,AWAY_ROLL_NET_RTG_10,WIN_PCT_DIFF,WIN_PCT_DIFF_10,PTS_DIFF,PTS_DIFF_10,PLUS_MINUS_DIFF,PLUS_MINUS_DIFF_10,REST_DIFF,ORTG_DIFF,ORTG_DIFF_10,DRTG_DIFF,DRTG_DIFF_10,NET_RTG_DIFF,NET_RTG_DIFF_10
2026,1022600035,2026-05-21,1611661313,New York Liberty,0,70,0.75,100.0,13.0,0.75,100.0,13.0,7.0,3.0,1.0,115.5334758246202,100.51412396741956,15.019351857200633,115.5334758246202,100.51412396741956,15.019351857200633,1611661331,Golden State Valkyries,1,87,0.6666666666666666,83.0,7.0,0.6666666666666666,83.0,7.0,8.0,2.0,1.0,106.15620736698499,97.20327421555253,8.952933151432461,106.15620736698499,97.20327421555253,8.952933151432461,0.08333333333333337,0.08333333333333337,17.0,17.0,6.0,6.0,-1.0,9.37726845763521,9.37726845763521,3.310849751867039,3.310849751867039,6.0664187057681715,6.0664187057681715
2026,1022600045,2026-05-24,1611661313,New York Liberty,0,76,0.6,94.0,7.0,0.6,94.0,7.0,3.0,3.0,2.0,110.65593068700852,102.41559542308235,8.24033526392617,110.65593068700852,102.41559542308235,8.24033526392617,1611661321,Dallas Wings,1,91,0.5,87.5,1.6666666666666667,0.5,87.5,1.6666666666666667,2.0,3.0,3.0,107.14285714285714,105.10204081632654,2.040816326530603,107.14285714285714,105.10204081632654,2.040816326530603,0.09999999999999998,0.09999999999999998,6.5,6.5,5.333333333333333,5.333333333333333,1.0,3.513073544151382,3.513073544151382,-2.6864453932441847,-2.6864453932441847,6.199518937395567,6.199518937395567
2026,1022600047,2026-05-25,1611661313,New York Liberty,0,74,0.5,91.0,3.3333333333333335,0.5,91.0,3.3333333333333335,1.0,3.0,3.0,108.44091360476664,104.46871896722939,3.9721946375372426,108.44091360476664,104.46871896722939,3.9721946375372426,1611661327,Portland Fire,1,81,0.5,86.33333333333333,-4.666666666666667,0.5,86.33333333333333,-4.666666666666667,2.0,3.0,3.0,104.90926766040181,110.5800388852884,-5.670771224886593,104.90926766040181,110.5800388852884,-5.670771224886593,0.0,0.0,4.666666666666671,4.666666666666671,8.0,8.0,-1.0,3.5316459443648256,3.5316459443648256,-6.11131991805901,-6.11131991805901,9.642965862423836,9.642965862423836
2026,1022600049,2026-05-27,1611661313,New York Liberty,1,84,0.42857142857142855,88.57142857142857,1.8571428571428572,0.42857142857142855,88.57142857142857,1.8571428571428572,2.0,3.0,4.0,105.74791062595942,103.53061572573769,2.217294900221731,105.74791062595942,103.53061572573769,2.217294900221731,1611661317,Phoenix Mercury,0,74,0.2857142857142857,87.28571428571429,0.2857142857142857,0.2857142857142857,87.28571428571429,0.2857142857142857,3.0,2.0,5.0,105.23233784575109,104.88787847473391,0.34445937101718016,105.23233784575109,104.88787847473391,0.34445937101718016,0.14285714285714285,0.14285714285714285,1.2857142857142776,1.2857142857142776,1.5714285714285716,1.5714285714285716,-1.0,0.5155727802083305,0.5155727802083305,-1.3572627489962201,-1.3572627489962201,1.8728355292045507,1.8728355292045507
2026,1022600056,2026-05-29,1611661313,New York Liberty,1,75,0.5,88.0,2.875,0.5,88.0,2.875,2.0,4.0,4.0,105.75016523463317,102.29525926816079,3.4549059664723814,105.75016523463317,102.29525926816079,3.4549059664723814,1611661317,Phoenix Mercury,0,68,0.25,85.625,-1.0,0.25,85.625,-1.0,2.0,2.0,6.0,103.7815889946064,104.99363674928793,-1.2120477546815351,103.7815889946064,104.99363674928793,-1.2120477546815351,0.25,0.25,2.375,2.375,3.875,3.875,0.0,1.9685762400267777,1.9685762400267777,-2.698377481127139,-2.698377481127139,4.6669537211539165,4.6669537211539165
2026,1022600070,2026-06-03,1611661313,New York Liberty,1,97,0.5555555555555556,86.55555555555556,3.3333333333333335,0.5555555555555556,86.55555555555556,3.3333333333333335,5.0,5.0,4.0,104.66209861614941,100.63146580679835,4.0306328093510615,104.66209861614941,100.63146580679835,4.0306328093510615,1611661332,Toronto Tempo,0,82,0.5555555555555556,89.55555555555556,0.5555555555555556,0.5555555555555556,89.55555555555556,0.5555555555555556,4.0,5.0,4.0,108.44702779796022,107.77427948655848,0.6727483114017332,108.44702779796022,107.77427948655848,0.6727483114017332,0.0,0.0,-3.0,-3.0,2.7777777777777777,2.7777777777777777,1.0,-3.78492918181081,-3.78492918181081,-7.142813679760138,-7.142813679760138,3.3578844979493283,3.3578844979493283
2026,1022600080,2026-06-06,1611661313,New York Liberty,1,83,0.6,87.6,4.5,0.6,87.6,4.5,3.0,6.0,4.0,106.32358295909698,100.86175506736255,5.46182789173443,106.32358295909698,100.86175506736255,5.46182789173443,1611661325,Indiana Fever,0,75,0.5555555555555556,90.77777777777777,3.7777777777777777,0.5555555555555556,90.77777777777777,3.7777777777777777,2.0,5.0,4.0,105.20216327581767,100.82410507339685,4.378058202420817,105.20216327581767,100.82410507339685,4.378058202420817,0.0444444444444444,0.0444444444444444,-3.177777777777777,-3.177777777777777,0.7222222222222223,0.7222222222222223,1.0,1.1214196832793135,1.1214196832793135,0.0376499939657009,0.0376499939657009,1.0837696893136126,1.0837696893136126
2026,1022600101,2026-06-14,1611661313,New York Liberty,1,86,0.6923076923076923,88.61538461538461,5.846153846153846,0.7,85.2,4.2,3.0,9.0,4.0,107.25857509962385,100.18248854791256,7.076086551711299,104.84605350594374,99.67758607959439,5.168467426349352,1611661322,Washington Mystics,0,64,0.45454545454545453,83.0,-3.727272727272727,0.4,84.5,-4.4,2.0,5.0,6.0,99.6333318783011,104.10755598236501,-4.474224104063907,101.5234525182622,106.80988081507112,-5.286428296808921,0.23776223776223776,0.29999999999999993,5.615384615384613,0.7000000000000028,9.573426573426573,8.600000000000001,1.0,7.625243221322748,3.3226009876815397,-3.9250674344524583,-7.132294735476734,11.550310655775206,10.454895723158273
2026,1022600115,2026-06-19,1611661313,New York Liberty,0,83,0.7333333333333333,88.93333333333334,6.6,0.8,86.4,6.4,2.0,11.0,4.0,107.81889012818648,99.81733831207669,8.001551816109796,106.33584404076207,98.45911485255748,7.8767291882045924,1611661322,Washington Mystics,1,86,0.46153846153846156,81.92307692307692,-4.3076923076923075,0.4,80.0,-5.6,2.0,6.0,7.0,99.03475980583606,104.24222135431195,-5.207461548475891,99.19896833072936,106.14289611388041,-6.943927783151054,0.2717948717948717,0.4,7.010256410256417,6.400000000000006,10.907692307692308,12.0,0.0,8.784130322350421,7.136875710032712,-4.424883042235265,-7.683781261322935,13.209013364585687,14.820656971355646
2026,1022600031,2026-05-19,1611661317,Phoenix Mercury,0,90,0.5,88.25,5.25,0.5,88.25,5.25,4.0,2.0,2.0,106.17179980750721,99.85563041385947,6.3161693936477405,106.17179980750721,99.85563041385947,6.3161693936477405,1611661332,Toronto Tempo,1,98,0.5,88.0,4.0,0.5,88.0,4.0,2.0,2.0,2.0,106.88691849872463,102.02842220332805,4.858496295396577,106.88691849872463,102.02842220332805,4.858496295396577,0.0,0.0,0.25,0.25,1.25,1.25,2.0,-0.7151186912174126,-0.7151186912174126,-2.172791789468576,-2.172791789468576,1.4576730982511634,1.4576730982511634
2026,1022600037,2026-05-21,1611661317,Phoenix Mercury,0,88,0.4,88.6,2.6,0.4,88.6,2.6,2.0,2.0,3.0,106.20954207624071,103.09278350515463,3.1167585710860806,106.20954207624071,103.09278350515463,3.1167585710860806,1611661320,Los Angeles Sparks,1,97,0.25,87.75,-10.5,0.25,87.75,-10.5,4.0,1.0,3.0,105.24106500359797,117.83401295274645,-12.592947949148481,105.24106500359797,117.83401295274645,-12.592947949148481,0.15000000000000002,0.15000000000000002,0.8499999999999943,0.8499999999999943,13.1,13.1,-2.0,0.9684770726427416,0.9684770726427416,-14.74122944759182,-14.74122944759182,15.709706520234562,15.709706520234562
2026,1022600065,2026-06-01,1611661317,Phoenix Mercury,0,77,0.2222222222222222,83.66666666666667,-1.6666666666666667,0.2222222222222222,83.66666666666667,-1.6666666666666667,3.0,2.0,7.0,101.94687389997563,103.97768812109068,-2.030814221115051,101.94687389997563,103.97768812109068,-2.030814221115051,1611661324,Minnesota Lynx,1,111,0.75,88.375,9.25,0.75,88.375,9.25,3.0,6.0,2.0,104.89925517077658,93.91970088133179,10.979554289444792,104.89925517077658,93.91970088133179,10.979554289444792,-0.5277777777777778,-0.5277777777777778,-4.708333333333329,-4.708333333333329,-10.916666666666666,-10.916666666666666,0.0,-2.952381270800956,-2.952381270800956,10.057987239758887,10.057987239758887,-13.010368510559843,-13.010368510559843
2026,1022600100,2026-06-13,1611661317,Phoenix Mercury,0,102,0.2857142857142857,80.78571428571429,-4.285714285714286,0.2,77.8,-8.1,2.0,4.0,10.0,99.26451227860765,104.53053415015182,-5.266021871544169,96.41839137439584,106.45681001363242,-10.038418639236582,1611661320,Los Angeles Sparks,1,111,0.5,88.66666666666667,-1.75,0.6,90.8,1.5,3.0,6.0,6.0,106.45535678552848,108.55644935366391,-2.101092568135428,109.32646230163509,107.52040840898692,1.8060538926481655,-0.2142857142857143,-0.39999999999999997,-7.88095238095238,-13.0,-2.5357142857142856,-9.6,-1.0,-7.1908445069208256,-12.908070927239251,-4.025915203512085,-1.0635983953545036,-3.1649293034087407,-11.844472531884747
2026,1022600111,2026-06-17,1611661317,Phoenix Mercury,0,76,0.26666666666666666,82.2,-4.6,0.2,79.0,-8.2,4.0,4.0,11.0,100.1429453234138,105.74705175270459,-5.604106429290795,97.0349080010809,107.10688579359815,-10.07197779251726,1611661319,Las Vegas Aces,1,86,0.7142857142857143,90.21428571428571,2.9285714285714284,0.7,89.3,1.1,2.0,10.0,4.0,108.2188024814066,104.70576138739419,3.513041094012408,108.8334227075513,107.49280943791742,1.3406132696338915,-0.44761904761904764,-0.49999999999999994,-8.014285714285705,-10.299999999999997,-7.5285714285714285,-9.299999999999999,2.0,-8.0758571579928,-11.798514706470414,1.0412903653104024,-0.38592364431926285,-9.117147523303203,-11.41259106215115
2026,1022600118,2026-06-20,1611661317,Phoenix Mercury,1,93,0.25,81.8125,-4.9375,0.2,77.8,-8.3,3.0,4.0,12.0,99.86115561251736,105.88791748676401,-6.026761874246645,96.04938271604937,106.29629629629628,-10.246913580246911,1611661328,Seattle Storm,0,73,0.1875,77.1875,-6.625,0.1,76.0,-9.4,3.0,3.0,13.0,94.54762597418505,102.66264488371024,-8.11501890952519,93.56149205958388,105.13357134063769,-11.572079281053803,0.0625,0.1,4.625,1.7999999999999972,1.6875,1.0999999999999996,0.0,5.313529638332312,2.4878906564654812,3.2252726030537673,1.1627249556585895,2.088257035278545,1.3251657008068918
2026,1022600043,2026-05-23,1611661319,Las Vegas Aces,0,95,0.8,91.0,6.2,0.8,91.0,6.2,6.0,4.0,1.0,104.37216130660183,97.26109097582236,7.111070330779469,104.37216130660183,97.26109097582236,7.111070330779469,1611661320,Los Angeles Sparks,1,101,0.4,89.6,-6.6,0.4,89.6,-6.6,2.0,2.0,3.0,107.37225577605216,115.28137283098457,-7.909117054932409,107.37225577605216,115.28137283098457,-7.909117054932409,0.4,0.4,1.4000000000000057,1.4000000000000057,12.8,12.8,4.0,-3.0000944694503318,-3.0000944694503318,-18.02028185516221,-18.02028185516221,15.020187385711878,15.020187385711878
2026,1022600078,2026-06-06,1611661319,Las Vegas Aces,1,84,0.6666666666666666,89.66666666666667,4.111111111111111,0.6666666666666666,89.66666666666667,4.111111111111111,4.0,6.0,3.0,105.39926338061281,100.56683123057232,4.832432150040489,105.39926338061281,100.56683123057232,4.832432150040489,1611661331,Golden State Valkyries,0,79,0.6,86.5,6.4,0.6,86.5,6.4,2.0,6.0,4.0,107.77204654755676,99.79816102265082,7.973885524905938,107.77204654755676,99.79816102265082,7.973885524905938,0.06666666666666665,0.06666666666666665,3.1666666666666714,3.1666666666666714,-2.2888888888888896,-2.2888888888888896,2.0,-2.3727831669439468,-2.3727831669439468,0.7686702079215024,0.7686702079215024,-3.141453374865449,-3.141453374865449
2026,1022600085,2026-06-08,1611661319,Las Vegas Aces,1,101,0.7,89.1,4.2,0.7,89.1,4.2,2.0,7.0,3.0,105.60125157038898,100.6234147960272,4.977836774361776,105.60125157038898,100.6234147960272,4.977836774361776,1611661328,Seattle Storm,0,91,0.25,75.0,-6.833333333333333,0.2,73.1,-7.8,2.0,3.0,9.0,91.88549026013803,100.25727937272839,-8.371789112590363,89.73729437760863,99.31254603486373,-9.575251657255095,0.44999999999999996,0.49999999999999994,14.099999999999994,16.0,11.033333333333333,12.0,0.0,13.715761310250954,15.863957192780347,0.36613542329881454,1.3108687611634764,13.34962588695214,14.553088431616871
2026,1022600098,2026-06-13,1611661319,Las Vegas Aces,1,100,0.75,91.41666666666667,5.666666666666667,0.8,92.6,7.4,2.0,9.0,3.0,108.7387494548194,101.99833472106577,6.740414733753624,110.69669583512648,101.85052359776216,8.846172237364314,1611661324,Minnesota Lynx,0,97,0.8333333333333334,91.08333333333333,12.916666666666666,0.9,91.5,15.2,4.0,10.0,2.0,109.28907109289071,93.79062093790621,15.498450154984496,110.49123315461527,92.13640535188136,18.354827802733908,-0.08333333333333337,-0.09999999999999998,0.3333333333333428,1.0999999999999943,-7.249999999999999,-7.799999999999999,-2.0,-0.5503216380713098,0.20546268051120364,8.207713783159562,9.714118245880798,-8.758035421230872,-9.508655565369594
2026,1022600120,2026-06-21,1611661319,Las Vegas Aces,1,92,0.7333333333333333,89.93333333333334,3.4,0.7,89.4,2.0,4.0,11.0,4.0,108.20913480820752,104.11820384066225,4.090930967545276,110.27235050325636,107.80540753897769,2.4669429642786724,1611661331,Golden State Valkyries,0,73,0.625,84.4375,5.875,0.6,83.6,3.7,2.0,10.0,6.0,105.94582725575997,98.57431891968193,7.371508336078037,105.28171674684532,100.62211923532226,4.65959751152306,0.10833333333333328,0.09999999999999998,5.495833333333337,5.800000000000011,-2.475,-1.7000000000000002,2.0,2.263307552447557,4.990633756411043,5.543884920980318,7.183288303655431,-3.280577368532761,-2.1926545472443877
2026,1022600127,2026-06-23,1611661319,Las Vegas Aces,0,76,0.75,90.0625,4.375,0.8,89.1,4.5,2.0,12.0,4.0,109.22293302610436,103.91716945092926,5.305763575175092,111.79983938968078,106.15338285484842,5.646456534832367,1611661313,New York Liberty,1,87,0.6470588235294118,89.05882352941177,5.588235294117647,0.8,89.4,8.2,2.0,11.0,6.0,107.87163702690378,101.1029411764706,6.76869585043319,109.3952668803994,99.36124911284598,10.034017767553422,0.1029411764705882,0.0,1.003676470588232,-0.30000000000001137,-1.2132352941176467,-3.6999999999999993,0.0,1.3512959992005733,2.4045725092813797,2.814228274458671,6.792133742002434,-1.4629322752580975,-4.387561232721055
2026,1022600133,2026-06-25,1611661319,Las Vegas Aces,1,99,0.7058823529411765,89.23529411764706,3.4705882352941178,0.8,88.0,4.2,2.0,12.0,5.0,108.50439882697948,104.28438595236393,4.2200128746155485,110.79495379346814,105.5070128169617,5.287940976506434,1611661321,Dallas Wings,0,84,0.6470588235294118,89.3529411764706,4.470588235294118,0.7,90.3,5.1,3.0,11.0,6.0,108.07849387389182,102.67101162608682,5.407482247804992,107.92398709214771,101.82861240588024,6.095374686267476,0.05882352941176472,0.10000000000000009,-0.1176470588235361,-2.299999999999997,-1.0,-0.8999999999999995,-1.0,0.4259049530876666,2.8709667013204268,1.6133743262771105,3.678400411081469,-1.187469373189444,-0.8074337097610425
2026,1022600028,2026-05-17,1611661320,Los Angeles Sparks,0,96,0.3333333333333333,85.0,-10.666666666666666,0.3333333333333333,85.0,-10.666666666666666,2.0,1.0,2.0,101.52082172147463,114.26068954534597,-12.739867823871336,101.52082172147463,114.26068954534597,-12.739867823871336,1611661332,Toronto Tempo,1,106,0.3333333333333333,82.0,2.0,0.3333333333333333,82.0,2.0,2.0,1.0,2.0,99.60320673738764,97.17386023159769,2.429346505789951,99.60320673738764,97.17386023159769,2.429346505789951,0.0,0.0,3.0,3.0,-12.666666666666666,-12.666666666666666,0.0,1.9176149840869954,1.9176149840869954,17.086829313748282,17.086829313748282,-15.169214329661287,-15.169214329661287
2026,1022600069,2026-06-02,1611661320,Los Angeles Sparks,0,69,0.5,90.25,-3.125,0.5,90.25,-3.125,3.0,4.0,4.0,107.64230551331366,111.36953215851149,-3.727226645197831,107.64230551331366,111.36953215851149,-3.727226645197831,1611661319,Las Vegas Aces,1,79,0.625,91.0,3.375,0.625,91.0,3.375,2.0,5.0,3.0,106.01427115188582,102.08242318334061,3.9318479685452132,106.01427115188582,102.08242318334061,3.9318479685452132,-0.125,-0.125,-0.75,-0.75,-6.5,-6.5,1.0,1.6280343614278365,1.6280343614278365,9.28710897517088,9.28710897517088,-7.659074613743044,-7.659074613743044
2026,1022600075,2026-06-05,1611661320,Los Angeles Sparks,0,96,0.4444444444444444,87.88888888888889,-3.888888888888889,0.4444444444444444,87.88888888888889,-3.888888888888889,3.0,4.0,5.0,105.50887021475256,110.17740429505135,-4.668534080298784,105.50887021475256,110.17740429505135,-4.668534080298784,1611661321,Dallas Wings,1,104,0.6666666666666666,87.77777777777777,6.222222222222222,0.6666666666666666,87.77777777777777,6.222222222222222,4.0,6.0,3.0,107.88517739600688,100.2376205173026,7.647556878704279,107.88517739600688,100.2376205173026,7.647556878704279,-0.2222222222222222,-0.2222222222222222,0.11111111111111427,0.11111111111111427,-10.11111111111111,-10.11111111111111,-1.0,-2.376307181254319,-2.376307181254319,9.939783777748744,9.939783777748744,-12.316090959003063,-12.316090959003063
2026,1022600082,2026-06-07,1611661320,Los Angeles Sparks,1,89,0.4,88.7,-4.3,0.4,88.7,-4.3,2.0,4.0,6.0,106.3192213645299,111.47336625593326,-5.154144891403362,106.3192213645299,111.47336625593326,-5.154144891403362,1611661327,Portland Fire,0,72,0.5,82.08333333333333,-3.25,0.5,80.4,-2.6,2.0,6.0,6.0,101.38960370560989,105.4040144107051,-4.014410705095216,99.46063635014103,102.67702508783215,-3.216388737691119,-0.09999999999999998,-0.09999999999999998,6.616666666666674,8.299999999999997,-1.0499999999999998,-1.6999999999999997,0.0,4.929617658920009,6.858585014388865,6.069351845228155,8.796341168101108,-1.1397341863081465,-1.9377561537122432
2026,1022600110,2026-06-17,1611661320,Los Angeles Sparks,0,83,0.5,88.07142857142857,-2.2857142857142856,0.6,88.2,1.0,2.0,7.0,7.0,105.52712209650639,108.26586330257955,-2.7387412060731577,105.64139417894357,104.44364594562222,1.1977482333213487,1611661324,Minnesota Lynx,1,99,0.7857142857142857,92.64285714285714,13.214285714285714,0.9,95.0,18.5,2.0,11.0,3.0,111.47400085947572,95.57370004297378,15.90030081650194,114.72321514829484,92.38237851415322,22.340836634141624,-0.2857142857142857,-0.30000000000000004,-4.571428571428569,-6.799999999999997,-15.5,-17.5,0.0,-5.946878762969334,-9.08182096935127,12.692163259605763,12.061267431469005,-18.639042022575097,-21.143088400820275
2026,1022600122,2026-06-21,1611661320,Los Angeles Sparks,1,98,0.4666666666666667,87.73333333333333,-3.2,0.5,86.8,-1.5,4.0,7.0,8.0,104.64875868759643,108.46573468835982,-3.8169760007633897,103.29644174699513,105.08151850529573,-1.7850767583006046,1611661313,New York Liberty,0,97,0.6875,88.5625,6.0,0.8,87.1,7.6,2.0,11.0,5.0,107.4543110639266,100.17441419579889,7.279896868127707,106.8449460255152,97.52208047105005,9.322865554465153,-0.22083333333333333,-0.30000000000000004,-0.8291666666666657,-0.29999999999999716,-9.2,-9.1,2.0,-2.8055523763301693,-3.5485042785200704,8.291320492560928,7.559438034245687,-11.096872868891097,-11.107942312765758
2026,1022600029,2026-05-18,1611661321,Dallas Wings,1,92,0.3333333333333333,88.33333333333333,-2.0,0.3333333333333333,88.33333333333333,-2.0,4.0,1.0,2.0,105.77997764649528,108.17499600830273,-2.3950183618074448,105.77997764649528,108.17499600830273,-2.3950183618074448,1611661322,Washington Mystics,0,69,0.6666666666666666,88.33333333333333,0.0,0.6666666666666666,88.33333333333333,0.0,3.0,2.0,1.0,98.54231741781942,98.54231741781942,0.0,98.54231741781942,98.54231741781942,0.0,-0.3333333333333333,-0.3333333333333333,0.0,0.0,-2.0,-2.0,1.0,7.237660228675864,7.237660228675864,9.632678590483309,9.632678590483309,-2.3950183618074448,-2.3950183618074448
2026,1022600054,2026-05-28,1611661321,Dallas Wings,1,95,0.5714285714285714,88.0,3.5714285714285716,0.5714285714285714,88.0,3.5714285714285716,4.0,4.0,3.0,108.30578803010057,103.91026091848934,4.39552711161123,108.30578803010057,103.91026091848934,4.39552711161123,1611661319,Las Vegas Aces,0,87,0.6666666666666666,91.66666666666667,4.166666666666667,0.6666666666666666,91.66666666666667,4.166666666666667,5.0,4.0,2.0,105.2913699364423,100.50539857569493,4.785971360747368,105.2913699364423,100.50539857569493,4.785971360747368,-0.09523809523809523,-0.09523809523809523,-3.6666666666666714,-3.6666666666666714,-0.5952380952380953,-0.5952380952380953,-1.0,3.0144180936582785,3.0144180936582785,3.4048623427944165,3.4048623427944165,-0.39044424913613796,-0.39044424913613796
2026,1022600064,2026-06-01,1611661321,Dallas Wings,1,79,0.625,88.875,4.125,0.625,88.875,4.125,4.0,5.0,3.0,109.34424212598425,104.26919291338582,5.0750492125984294,109.34424212598425,104.26919291338582,5.0750492125984294,1611661328,Seattle Storm,0,56,0.3333333333333333,78.66666666666667,-3.888888888888889,0.3333333333333333,78.66666666666667,-3.888888888888889,2.0,3.0,6.0,96.63682026643372,101.41406420615856,-4.7772439397248405,96.63682026643372,101.41406420615856,-4.7772439397248405,0.2916666666666667,0.2916666666666667,10.208333333333329,10.208333333333329,8.01388888888889,8.01388888888889,2.0,12.707421859550536,12.707421859550536,2.8551287072272657,2.8551287072272657,9.85229315232327,9.85229315232327
2026,1022600093,2026-06-11,1611661321,Dallas Wings,1,85,0.6363636363636364,88.18181818181819,3.6363636363636362,0.6,86.3,3.7,2.0,7.0,4.0,107.4792243767313,103.04709141274238,4.43213296398892,106.46434739698988,101.89982728842833,4.5645201085615525,1611661317,Phoenix Mercury,0,70,0.3076923076923077,81.61538461538461,-3.4615384615384617,0.3,79.9,-5.8,2.0,4.0,9.0,100.45826389940918,104.71898197242841,-4.260718073019234,98.71265844678906,105.8782832151417,-7.165624768352643,0.32867132867132864,0.3,6.566433566433574,6.3999999999999915,7.097902097902098,9.5,0.0,7.02096047732212,7.7516889502008155,-1.6718905596860338,-3.97845592671338,8.692851037008154,11.730144876914196
2026,1022600103,2026-06-15,1611661321,Dallas Wings,1,96,0.6153846153846154,87.53846153846153,4.153846153846154,0.7,87.3,6.0,2.0,8.0,5.0,106.52438453617899,101.46962463727418,5.0547598989048055,106.75242730318668,99.41549071877522,7.336936584411461,1611661319,Las Vegas Aces,0,66,0.7692307692307693,92.07692307692308,5.461538461538462,0.8,92.8,4.8,2.0,10.0,3.0,110.07098981130687,103.54213410821349,6.5288557030933845,111.9070014229554,106.11870824590599,5.788293177049411,-0.15384615384615385,-0.10000000000000009,-4.538461538461547,-5.5,-1.3076923076923075,1.2000000000000002,0.0,-3.546605275127888,-5.154574119768725,-2.072509470939309,-6.703217527130775,-1.474095804188579,1.54864340736205
2026,1022600119,2026-06-20,1611661321,Dallas Wings,1,93,0.6,87.6,4.866666666666666,0.6,85.8,4.6,3.0,9.0,6.0,107.19005432920561,101.2350513109164,5.955003018289204,104.84383400948238,99.22283591573391,5.620998093748469,1611661329,Chicago Sky,0,92,0.2857142857142857,83.07142857142857,-5.285714285714286,0.1,82.7,-9.4,3.0,4.0,10.0,97.64083620183025,103.85358072370079,-6.212744521870533,96.3083731221614,107.25515313846512,-10.94678001630372,0.3142857142857143,0.5,4.528571428571425,3.0999999999999943,10.152380952380952,14.0,0.0,9.549218127375354,8.53546088732098,-2.6185294127843832,-8.032317222731209,12.167747540159738,16.56777811005219
2026,1022600141,2026-06-28,1611661321,Dallas Wings,0,77,0.6111111111111112,89.05555555555556,3.388888888888889,0.6,89.2,2.8,3.0,11.0,7.0,107.53048821390719,103.43856071481278,4.09192749909441,106.12730517549078,102.79595478881618,3.3313503866746004,1611661324,Minnesota Lynx,1,85,0.7777777777777778,90.77777777777777,11.333333333333334,0.8,92.7,13.0,4.0,14.0,4.0,108.66818296689411,95.10128619501748,13.566896771876628,111.72982354642754,96.06113200269984,15.668691543727704,-0.16666666666666663,-0.20000000000000007,-1.7222222222222143,-3.5,-7.944444444444445,-10.2,-1.0,-1.137694752986917,-5.602518370936764,8.3372745197953,6.734822786116339,-9.474969272782218,-12.337341157053103
2026,1022600057,2026-05-29,1611661322,Washington Mystics,0,87,0.5,82.83333333333333,-3.5,0.5,82.83333333333333,-3.5,2.0,3.0,3.0,99.34833886379083,103.54615599888058,-4.19781713508975,99.34833886379083,103.54615599888058,-4.19781713508975,1611661320,Los Angeles Sparks,1,92,0.5,91.5,-4.5,0.5,91.5,-4.5,6.0,3.0,3.0,109.00210459436921,114.36286383671523,-5.36075924234602,109.00210459436921,114.36286383671523,-5.36075924234602,0.0,0.0,-8.666666666666671,-8.666666666666671,1.0,1.0,-4.0,-9.653765730578385,-9.653765730578385,-10.816707837834656,-10.816707837834656,1.1629421072562707,1.1629421072562707
2026,1022600067,2026-06-02,1611661322,Washington Mystics,1,90,0.42857142857142855,83.42857142857143,-3.7142857142857144,0.42857142857142855,83.42857142857143,-3.7142857142857144,4.0,3.0,4.0,100.12000685753472,104.5774044231099,-4.457397565575178,100.12000685753472,104.5774044231099,-4.457397565575178,1611661329,Chicago Sky,0,72,0.375,82.75,-3.5,0.375,82.75,-3.5,4.0,3.0,5.0,97.51642459417258,101.64098635948501,-4.124561765312436,97.51642459417258,101.64098635948501,-4.124561765312436,0.05357142857142855,0.05357142857142855,0.6785714285714306,0.6785714285714306,-0.2142857142857144,-0.2142857142857144,0.0,2.603582263362142,2.603582263362142,2.9364180636248847,2.9364180636248847,-0.3328358002627425,-0.3328358002627425
2026,1022600084,2026-06-08,1611661322,Washington Mystics,0,76,0.4444444444444444,83.44444444444444,-4.444444444444445,0.4444444444444444,83.44444444444444,-4.444444444444445,2.0,4.0,5.0,100.35813555698098,105.70344237759248,-5.345306820611498,100.35813555698098,105.70344237759248,-5.345306820611498,1611661325,Indiana Fever,1,78,0.5,89.2,2.6,0.5,89.2,2.6,2.0,5.0,5.0,103.75712457834128,100.73281377224613,3.0243108060951442,103.75712457834128,100.73281377224613,3.0243108060951442,-0.05555555555555558,-0.05555555555555558,-5.75555555555556,-5.75555555555556,-7.044444444444444,-7.044444444444444,0.0,-3.3989890213602933,-3.3989890213602933,4.970628605346349,4.970628605346349,-8.369617626706642,-8.369617626706642
2026,1022600095,2026-06-12,1611661322,Washington Mystics,1,86,0.4,82.7,-4.2,0.4,82.7,-4.2,4.0,4.0,6.0,99.37753851330241,104.42452354058017,-5.046985027277756,99.37753851330241,104.42452354058017,-5.046985027277756,1611661332,Toronto Tempo,0,85,0.5833333333333334,89.91666666666667,0.9166666666666666,0.6,92.8,0.1,2.0,7.0,5.0,107.9993594106578,106.89834647876046,1.101012931897344,111.2256394275715,111.10578421267108,0.11985521490041151,-0.18333333333333335,-0.19999999999999996,-7.216666666666669,-10.099999999999994,-5.116666666666667,-4.3,2.0,-8.621820897355391,-11.848100914269082,-2.473822938180291,-6.6812606720909145,-6.1479979591751,-5.166840242178168
2026,1022600129,2026-06-24,1611661322,Washington Mystics,0,76,0.5333333333333333,82.33333333333333,-3.2,0.6,81.6,-1.3,3.0,8.0,7.0,99.53416399361691,103.40269830268058,-3.868534309063662,100.46539115018099,102.0659427248775,-1.6005515746965102,1611661324,Minnesota Lynx,1,78,0.7647058823529411,91.52941176470588,11.882352941176471,0.8,92.8,14.9,3.0,13.0,4.0,109.74130391852624,95.49468220159675,14.246621716929496,111.69687778339471,93.7627885703281,17.934089213066613,-0.2313725490196078,-0.20000000000000007,-9.196078431372555,-11.200000000000003,-15.08235294117647,-16.2,0.0,-10.207139924909328,-11.23148663321372,7.908016101083831,8.303154154549404,-18.11515602599316,-19.534640787763124
2026,1022600142,2026-06-28,1611661322,Washington Mystics,1,124,0.47058823529411764,80.47058823529412,-3.588235294117647,0.5,78.4,-3.5,2.0,8.0,9.0,97.4872796203127,101.834300129698,-4.347020509385288,95.61442021562027,99.88292111810331,-4.268500902483041,1611661327,Portland Fire,0,123,0.42105263157894735,82.63157894736842,-8.0,0.3,83.4,-12.1,2.0,8.0,11.0,100.88936870244704,110.65700185070943,-9.76763314826239,101.72964797150595,116.4889853870362,-14.75933741553024,0.049535603715170295,0.2,-2.160990712074309,-5.0,4.411764705882353,8.6,0.0,-3.4020890821343386,-6.115227755885684,-8.822701721011441,-16.606064268932883,5.4206126388771025,10.4908365130472
2026,1022600021,2026-05-15,1611661323,Connecticut Sun,0,94,0.0,75.33333333333333,-22.333333333333332,0.0,75.33333333333333,-22.333333333333332,2.0,0.0,3.0,84.92409439350669,110.10070644821884,-25.17661205471215,84.92409439350669,110.10070644821884,-25.17661205471215,1611661319,Las Vegas Aces,1,101,0.6666666666666666,89.66666666666667,7.666666666666667,0.6666666666666666,89.66666666666667,7.666666666666667,2.0,2.0,1.0,104.17473472232979,95.26760127023468,8.90713345209511,104.17473472232979,95.26760127023468,8.90713345209511,-0.6666666666666666,-0.6666666666666666,-14.333333333333343,-14.333333333333343,-30.0,-30.0,0.0,-19.250640328823096,-19.250640328823096,14.833105177984166,14.833105177984166,-34.08374550680726,-34.08374550680726
2026,1022600061,2026-05-30,1611661323,Connecticut Sun,1,84,0.1111111111111111,74.66666666666667,-14.222222222222221,0.1111111111111111,74.66666666666667,-14.222222222222221,3.0,1.0,8.0,89.00898037034094,105.96307186945349,-16.95409149911255,89.00898037034094,105.96307186945349,-16.95409149911255,1611661320,Los Angeles Sparks,0,81,0.5714285714285714,91.57142857142857,-3.142857142857143,0.5714285714285714,91.57142857142857,-3.142857142857143,1.0,4.0,3.0,109.25515595704789,113.00494290097153,-3.749786943923638,109.25515595704789,113.00494290097153,-3.749786943923638,-0.4603174603174603,-0.4603174603174603,-16.904761904761898,-16.904761904761898,-11.079365079365079,-11.079365079365079,2.0,-20.246175586706954,-20.246175586706954,-7.041871031518042,-7.041871031518042,-13.204304555188912,-13.204304555188912
2026,1022600083,2026-06-08,1611661323,Connecticut Sun,0,80,0.16666666666666666,75.91666666666667,-12.166666666666666,0.2,75.4,-10.8,3.0,2.0,10.0,91.07085732565578,105.66618682021752,-14.595329494561739,91.94000731618095,105.109133032557,-13.169125716376044,1611661313,New York Liberty,1,89,0.6363636363636364,87.18181818181819,4.818181818181818,0.6,85.3,2.2,2.0,7.0,4.0,105.73318632855568,99.88974641675854,5.843439911797134,104.80660539637293,102.10350420209367,2.703101194279256,-0.4696969696969697,-0.39999999999999997,-11.265151515151516,-9.899999999999991,-16.984848484848484,-13.0,1.0,-14.662329002899895,-12.866598080191977,5.776440403458977,3.0056288304633227,-20.438769406358873,-15.8722269106553
2026,1022600097,2026-06-13,1611661323,Connecticut Sun,0,75,0.14285714285714285,78.07142857142857,-11.357142857142858,0.2,77.3,-8.5,3.0,2.0,12.0,93.15129201609054,106.7021204063544,-13.55082839026386,94.3949200146538,104.77469776529492,-10.37977775064111,1611661325,Indiana Fever,1,85,0.5833333333333334,90.33333333333333,3.0,0.6,89.3,3.0,2.0,7.0,5.0,104.0067546822229,100.55265581823764,3.4540988639852657,102.80201689959247,99.34842170699699,3.453595192595486,-0.4404761904761905,-0.39999999999999997,-12.26190476190476,-12.0,-14.357142857142858,-11.5,1.0,-10.855462666132368,-8.407096884938667,6.149464588116757,5.42627605829793,-17.004927254249125,-13.833372943236597
2026,1022600107,2026-06-17,1611661323,Connecticut Sun,0,81,0.13333333333333333,77.86666666666666,-11.266666666666667,0.2,76.6,-9.4,4.0,2.0,13.0,93.25200396001661,106.74480247820394,-13.492798518187328,93.7071834018399,105.20649833626933,-11.499314934429435,1611661322,Washington Mystics,1,88,0.4166666666666667,81.41666666666667,-5.25,0.4,81.6,-6.1,3.0,5.0,7.0,97.82521627683434,104.13329061198334,-6.308074335149001,98.7128617052163,106.0921320042582,-7.379270299041906,-0.2833333333333333,-0.2,-3.5500000000000114,-5.0,-6.0166666666666675,-3.3000000000000007,1.0,-4.573212316817731,-5.005678303376399,2.611511866220596,-0.8856336679888699,-7.184724183038327,-4.120044635387529
2026,1022600114,2026-06-19,1611661323,Connecticut Sun,0,97,0.125,78.0625,-11.0,0.1,76.7,-10.3,2.0,2.0,14.0,93.96770941482718,107.20895589762108,-13.241246482793898,94.64929167283678,107.35969198874575,-12.71040031590897,1611661332,Toronto Tempo,1,101,0.4666666666666667,88.8,-2.466666666666667,0.4,88.2,-6.1,3.0,7.0,8.0,105.83019497544932,108.76992261365623,-2.939727638206918,104.41824122744708,111.6399109722025,-7.221669744755417,-0.3416666666666667,-0.30000000000000004,-10.737499999999997,-11.5,-8.533333333333333,-4.200000000000001,-1.0,-11.862485560622133,-9.768949554610302,-1.5609667160351535,-4.280218983456749,-10.30151884458698,-5.488730571153553
2026,1022600123,2026-06-22,1611661323,Connecticut Sun,1,92,0.11764705882352941,79.17647058823529,-10.588235294117647,0.1,80.5,-8.9,3.0,2.0,15.0,95.23270458050912,107.96813312767974,-12.735428547170613,98.3218115641107,109.1921733395217,-10.870361775410998,1611661329,Chicago Sky,0,63,0.26666666666666666,83.66666666666667,-5.0,0.1,83.0,-8.5,2.0,4.0,11.0,98.26951687416805,104.14219716545298,-5.8726802912849365,96.19173446445541,106.0426952228635,-9.850960758408092,-0.14901960784313725,0.0,-4.4901960784313815,-2.5,-5.588235294117647,-0.40000000000000036,1.0,-3.036812293658926,2.1300770996552956,3.825935962226751,3.1494781166582015,-6.862748255885677,-1.019401017002906
2026,1022600135,2026-06-26,1611661323,Connecticut Sun,1,68,0.16666666666666666,79.88888888888889,-8.38888888888889,0.2,82.7,-3.3,4.0,3.0,15.0,95.79386333053547,105.85288514062647,-10.059021810090996,100.26916268580713,104.27022963699412,-4.001066951186985,1611661322,Washington Mystics,0,57,0.5,81.9375,-3.125,0.5,81.4,-2.9,2.0,8.0,8.0,98.82704137016042,102.59618863828248,-3.769147268122069,98.51143652426478,102.02105772721771,-3.5096212029529283,-0.33333333333333337,-0.3,-2.0486111111111143,1.2999999999999972,-5.263888888888889,-0.3999999999999999,2.0,-3.033178039624943,1.757726161542351,3.256696502343985,2.2491719097764076,-6.289874541968928,-0.4914457482340566
2026,1022600025,2026-05-17,1611661324,Minnesota Lynx,0,79,0.6666666666666666,89.33333333333333,2.3333333333333335,0.6666666666666666,89.33333333333333,2.3333333333333335,3.0,2.0,1.0,106.86657628200015,104.07528511045538,2.7912911715447706,106.86657628200015,104.07528511045538,2.7912911715447706,1611661329,Chicago Sky,1,86,0.6666666666666666,83.33333333333333,4.333333333333333,0.6666666666666666,83.33333333333333,4.333333333333333,2.0,2.0,1.0,100.90410074265418,95.65708750403617,5.24701323861801,100.90410074265418,95.65708750403617,5.24701323861801,0.0,0.0,6.0,6.0,-1.9999999999999996,-1.9999999999999996,1.0,5.962475539345974,5.962475539345974,8.418197606419213,8.418197606419213,-2.455722067073239,-2.455722067073239
2026,1022600036,2026-05-21,1611661324,Minnesota Lynx,1,100,0.5,86.75,0.0,0.5,86.75,0.0,4.0,2.0,2.0,103.45238805080197,103.45238805080197,0.0,103.45238805080197,103.45238805080197,0.0,1611661332,Toronto Tempo,0,72,0.6,90.0,4.8,0.6,90.0,4.8,2.0,3.0,2.0,108.71140745035511,102.9134657196695,5.797941730685608,108.71140745035511,102.9134657196695,5.797941730685608,-0.09999999999999998,-0.09999999999999998,-3.25,-3.25,-4.8,-4.8,2.0,-5.259019399553139,-5.259019399553139,0.5389223311324685,0.5389223311324685,-5.797941730685608,-5.797941730685608
2026,1022600051,2026-05-27,1611661324,Minnesota Lynx,1,96,0.6666666666666666,88.66666666666667,6.333333333333333,0.6666666666666666,88.66666666666667,6.333333333333333,4.0,4.0,2.0,104.96409123194697,97.46665614395076,7.497435087996209,104.96409123194697,97.46665614395076,7.497435087996209,1611661330,Atlanta Dream,0,81,0.8,84.0,4.8,0.8,84.0,4.8,3.0,4.0,1.0,100.13351134846462,94.41159641426664,5.721914934197983,100.13351134846462,94.41159641426664,5.721914934197983,-0.13333333333333341,-0.13333333333333341,4.666666666666671,4.666666666666671,1.5333333333333332,1.5333333333333332,1.0,4.8305798834823435,4.8305798834823435,3.0550597296841175,3.0550597296841175,1.775520153798226,1.775520153798226
2026,1022600073,2026-06-04,1611661324,Minnesota Lynx,1,87,0.7777777777777778,90.88888888888889,12.0,0.7777777777777778,90.88888888888889,12.0,3.0,7.0,2.0,108.59175870858114,94.25446049277825,14.337298215802889,108.59175870858114,94.25446049277825,14.337298215802889,1611661331,Golden State Valkyries,0,84,0.6666666666666666,86.77777777777777,7.444444444444445,0.6666666666666666,86.77777777777777,7.444444444444445,2.0,6.0,3.0,107.91168099041091,98.65421283886478,9.257468151546135,107.91168099041091,98.65421283886478,9.257468151546135,0.11111111111111116,0.11111111111111116,4.111111111111114,4.111111111111114,4.555555555555555,4.555555555555555,1.0,0.6800777181702244,0.6800777181702244,-4.3997523460865295,-4.3997523460865295,5.079830064256754,5.079830064256754
2026,1022600077,2026-06-06,1611661324,Minnesota Lynx,1,88,0.8,90.5,11.1,0.8,90.5,11.1,2.0,8.0,2.0,108.75312439915402,95.41434339550086,13.338781003653153,108.75312439915402,95.41434339550086,13.338781003653153,1611661328,Seattle Storm,0,68,0.2727272727272727,75.63636363636364,-5.636363636363637,0.3,75.2,-5.1,3.0,3.0,8.0,92.73294694605438,99.64333481943825,-6.910387873383868,91.77222913768274,97.99614361377559,-6.223914476092844,0.5272727272727273,0.5,14.86363636363636,15.299999999999997,16.736363636363635,16.2,-1.0,16.020177453099635,16.980895261471275,-4.228991423937387,-2.581800218274722,20.24916887703702,19.562695479745997
2026,1022600087,2026-06-09,1611661324,Minnesota Lynx,1,100,0.8181818181818182,90.27272727272727,11.909090909090908,0.9,90.3,13.2,3.0,9.0,2.0,108.59105026026859,94.26534272341543,14.325707536853159,109.25589836660617,93.28493647912886,15.970961887477316,1611661321,Dallas Wings,0,76,0.7,89.4,6.4,0.7,89.4,6.4,4.0,7.0,3.0,109.44615836638754,101.61108662651192,7.835071739875616,109.44615836638754,101.61108662651192,7.835071739875616,0.11818181818181828,0.20000000000000007,0.8727272727272606,0.8999999999999915,5.509090909090908,6.799999999999999,-1.0,-0.8551081061189478,-0.190259999781361,-7.345743903096491,-8.32615014738306,6.490635796977543,8.1358901476017
2026,1022600104,2026-06-15,1611661324,Minnesota Lynx,1,107,0.7692307692307693,91.53846153846153,11.692307692307692,0.8,92.2,14.5,2.0,10.0,3.0,110.31388471735544,96.22337171144113,14.090513005914303,111.35803662012657,93.84511329049712,17.512923329629444,1611661327,Portland Fire,0,74,0.4666666666666667,82.0,-4.733333333333333,0.5,81.1,-2.4,2.0,7.0,8.0,100.87920740108918,106.70231612098944,-5.823108719900262,100.42100049529469,103.39276869737493,-2.9717682020802414,0.3025641025641026,0.30000000000000004,9.538461538461533,11.100000000000009,16.425641025641024,16.9,0.0,9.43467731626626,10.937036124831877,-10.478944409548305,-9.547655406877809,19.913621725814565,20.484691531709686
2026,1022600121,2026-06-21,1611661324,Minnesota Lynx,0,79,0.8125,92.3125,12.9375,0.9,94.5,16.9,2.0,13.0,3.0,110.72628043660788,95.20810843228979,15.518172004318089,114.25738743531461,93.82405571407845,20.433331721236158,1611661322,Washington Mystics,1,84,0.5,82.21428571428571,-3.7857142857142856,0.5,81.7,-3.0,2.0,7.0,7.0,99.49689666499542,104.07842188067289,-4.581525215677473,100.52167921649688,104.21280574831438,-3.6911265318175026,0.3125,0.4,10.098214285714292,12.799999999999997,16.723214285714285,19.9,0.0,11.229383771612461,13.735708218817734,-8.8703134483831,-10.388750034235926,20.099697219995562,24.12445825305366
2026,1022600027,2026-05-17,1611661325,Indiana Fever,1,89,0.3333333333333333,97.66666666666667,1.3333333333333333,0.3333333333333333,97.66666666666667,1.3333333333333333,2.0,1.0,2.0,108.34997411434065,106.87079358035648,1.4791805339841773,108.34997411434065,106.87079358035648,1.4791805339841773,1611661328,Seattle Storm,0,78,0.3333333333333333,80.66666666666667,-5.666666666666667,0.3333333333333333,80.66666666666667,-5.666666666666667,4.0,1.0,2.0,98.54222656568125,105.4646143822787,-6.92238781659745,98.54222656568125,105.4646143822787,-6.92238781659745,0.0,0.0,17.0,17.0,7.0,7.0,-2.0,9.807747548659407,9.807747548659407,1.4061791980777798,1.4061791980777798,8.401568350581627,8.401568350581627
2026,1022600032,2026-05-20,1611661325,Indiana Fever,1,90,0.5,95.5,3.75,0.5,95.5,3.75,3.0,2.0,2.0,106.34743875278394,102.17149220489976,4.17594654788418,106.34743875278394,102.17149220489976,4.17594654788418,1611661327,Portland Fire,0,73,0.5,86.5,-7.5,0.5,86.5,-7.5,2.0,2.0,2.0,105.30801071341612,114.43876308741173,-9.130752373995605,105.30801071341612,114.43876308741173,-9.130752373995605,0.0,0.0,9.0,9.0,11.25,11.25,1.0,1.0394280393678201,1.0394280393678201,-12.267270882511966,-12.267270882511966,13.306698921879786,13.306698921879786
2026,1022600039,2026-05-22,1611661325,Indiana Fever,1,90,0.6,94.4,6.4,0.6,94.4,6.4,2.0,3.0,2.0,106.7100741544583,99.47549285585096,7.234581298607338,106.7100741544583,99.47549285585096,7.234581298607338,1611661331,Golden State Valkyries,0,82,0.75,84.0,9.5,0.75,84.0,9.5,1.0,3.0,1.0,107.3208125718666,95.18333972147693,12.13747285038967,107.3208125718666,95.18333972147693,12.13747285038967,-0.15000000000000002,-0.15000000000000002,10.400000000000006,10.400000000000006,-3.0999999999999996,-3.0999999999999996,1.0,-0.6107384174082995,-0.6107384174082995,4.292153134374033,4.292153134374033,-4.902891551782332,-4.902891551782332
2026,1022600072,2026-06-04,1611661325,Indiana Fever,1,83,0.5,91.75,2.75,0.5,91.75,2.75,5.0,4.0,4.0,105.4567397488578,102.29591103703916,3.1608287118186382,105.4567397488578,102.29591103703916,3.1608287118186382,1611661330,Atlanta Dream,0,71,0.75,84.75,5.625,0.75,84.75,5.625,2.0,6.0,2.0,102.62464807919353,95.81327763145946,6.8113704477340775,102.62464807919353,95.81327763145946,6.8113704477340775,-0.25,-0.25,7.0,7.0,-2.875,-2.875,3.0,2.8320916696642655,2.8320916696642655,6.482633405579705,6.482633405579705,-3.6505417359154393,-3.6505417359154393
2026,1022600091,2026-06-11,1611661325,Indiana Fever,1,114,0.5454545454545454,88.18181818181819,2.5454545454545454,0.6,86.6,3.1,3.0,6.0,5.0,102.8021535461444,99.83466870151342,2.967484844630974,101.6837705187516,98.04382030387713,3.6399502148744745,1611661329,Chicago Sky,0,106,0.3333333333333333,80.16666666666667,-5.416666666666667,0.2,79.5,-8.6,2.0,4.0,8.0,95.10063664043655,101.52635533235794,-6.425718691921389,93.5800550886362,103.70318054476539,-10.123125456129188,0.2121212121212121,0.39999999999999997,8.015151515151516,7.099999999999994,7.962121212121213,11.7,1.0,7.701516905707848,8.1037154301154,-1.691686630844515,-5.659360240888262,9.393203536552363,13.763075671003662
2026,1022600106,2026-06-16,1611661325,Indiana Fever,1,113,0.6153846153846154,89.92307692307692,3.5384615384615383,0.7,87.6,4.2,3.0,8.0,5.0,104.24469413233457,100.14267879436417,4.1020153379704,102.94013960375098,98.00465345836567,4.935486145385312,1611661332,Toronto Tempo,0,91,0.5,88.64285714285714,-1.0714285714285714,0.5,88.9,-3.1,2.0,7.0,7.0,106.23362837918813,107.5176770703145,-1.2840486911263724,105.97715947833966,109.67265097870921,-3.695491500369556,0.11538461538461542,0.19999999999999996,1.280219780219781,-1.3000000000000114,4.6098901098901095,7.300000000000001,1.0,-1.9889342468535602,-3.0370198745886796,-7.3749982759503325,-11.667997520343548,5.386064029096772,8.630977645754868
2026,1022600113,2026-06-18,1611661325,Indiana Fever,0,101,0.6428571428571429,91.57142857142857,4.857142857142857,0.7,90.0,5.3,2.0,9.0,5.0,105.78954317401637,100.17824135199366,5.61130182202271,105.5545130418465,99.33852505160444,6.21598799024207,1611661330,Atlanta Dream,1,108,0.6923076923076923,87.07692307692308,6.384615384615385,0.7,88.0,7.8,4.0,9.0,4.0,105.96869617314461,98.1989066127462,7.769789560398408,108.49463691283442,98.87806682283319,9.616570090001233,-0.049450549450549386,0.0,4.494505494505489,2.0,-1.5274725274725283,-2.5,-2.0,-0.17915299912823457,-2.940123870987918,1.979334739247463,0.46045822877124465,-2.1584877383756975,-3.4005820997591627
2026,1022600125,2026-06-22,1611661325,Indiana Fever,1,86,0.5625,92.4375,2.75,0.5,91.7,0.4,2.0,9.0,7.0,106.29887304507818,103.13649954001839,3.16237350505979,106.29172848664687,105.82807863501483,0.46364985163204153,1611661317,Phoenix Mercury,0,77,0.29411764705882354,82.47058823529412,-3.4705882352941178,0.3,79.1,-6.1,2.0,5.0,12.0,100.69813543252795,104.93578877811935,-4.237653345591397,97.45459921642068,104.97006135574009,-7.5154621393194105,0.26838235294117646,0.2,9.966911764705884,12.600000000000009,6.220588235294118,6.5,0.0,5.600737612550233,8.8371292702262,-1.799289238100954,0.8580172792747476,7.400026850651187,7.979111990951452
2026,1022600128,2026-06-24,1611661325,Indiana Fever,0,109,0.5882352941176471,92.05882352941177,3.1176470588235294,0.6,91.5,1.5,2.0,10.0,7.0,106.29193947132494,102.69227634545898,3.599663125865959,106.52664912566651,104.78031061540969,1.7463385102568196,1611661317,Phoenix Mercury,1,111,0.2777777777777778,82.16666666666667,-3.7777777777777777,0.3,79.4,-6.0,2.0,5.0,13.0,100.3882493483927,105.00380104257168,-4.615551694178976,97.63415473906842,105.01205056317939,-7.377895824110965,0.3104575163398693,0.3,9.892156862745097,12.099999999999994,6.895424836601308,7.5,0.0,5.9036901229322325,8.892494386598088,-2.311524697112702,-0.23173994776969664,8.215214820044935,9.124234334367785
2026,1022600139,2026-06-27,1611661325,Indiana Fever,1,111,0.5555555555555556,93.0,2.8333333333333335,0.6,94.0,2.9,3.0,10.0,8.0,107.39030023094689,104.11855273287144,3.271747498075456,108.95013792623844,105.58891026681194,3.361227659426504,1611661320,Los Angeles Sparks,0,87,0.47058823529411764,88.88235294117646,-4.411764705882353,0.4,87.0,-5.3,2.0,8.0,9.0,105.66285786212781,110.90753975468874,-5.2446818925609335,103.16368638239341,109.44837072522887,-6.284684342835462,0.08496732026143794,0.19999999999999996,4.117647058823536,7.0,7.245098039215687,8.2,1.0,1.7274423688190836,5.786451543845033,-6.788987021817306,-3.859460458416933,8.51642939063639,9.645912002261966
2026,1022600030,2026-05-18,1611661327,Portland Fire,1,83,0.3333333333333333,87.66666666666667,-10.333333333333334,0.3333333333333333,87.66666666666667,-10.333333333333334,4.0,1.0,2.0,106.07405017342906,118.57707509881423,-12.503024925385176,106.07405017342906,118.57707509881423,-12.503024925385176,1611661323,Connecticut Sun,0,82,0.0,80.0,-18.5,0.0,80.0,-18.5,3.0,0.0,4.0,90.27816961011115,111.15499633244934,-20.876826722338194,90.27816961011115,111.15499633244934,-20.876826722338194,0.3333333333333333,0.3333333333333333,7.666666666666671,7.666666666666671,8.166666666666666,8.166666666666666,1.0,15.795880563317908,15.795880563317908,7.422078766364891,7.422078766364891,8.373801796953018,8.373801796953018
2026,1022600052,2026-05-27,1611661327,Portland Fire,1,71,0.5714285714285714,85.57142857142857,-3.0,0.5714285714285714,85.57142857142857,-3.0,2.0,4.0,3.0,103.89204939642016,107.53434161232137,-3.6422922159012074,103.89204939642016,107.53434161232137,-3.6422922159012074,1611661323,Connecticut Sun,0,61,0.125,76.375,-14.75,0.125,76.375,-14.75,2.0,1.0,7.0,90.3365071855225,107.78283754213732,-17.44633035661481,90.3365071855225,107.78283754213732,-17.44633035661481,0.4464285714285714,0.4464285714285714,9.19642857142857,9.19642857142857,11.75,11.75,0.0,13.555542210897656,13.555542210897656,-0.24849592981594526,-0.24849592981594526,13.804038140713601,13.804038140713601
2026,1022600059,2026-05-29,1611661327,Portland Fire,0,66,0.625,83.75,-1.375,0.625,83.75,-1.375,2.0,5.0,3.0,102.26197380872433,103.94090173692726,-1.6789279282029241,102.26197380872433,103.94090173692726,-1.6789279282029241,1611661330,Atlanta Dream,1,86,0.6666666666666666,83.5,1.5,0.6666666666666666,83.5,1.5,2.0,4.0,2.0,100.26818236400753,98.46695753112117,1.801224832886362,100.26818236400753,98.46695753112117,1.801224832886362,-0.04166666666666663,-0.04166666666666663,0.25,0.25,-2.875,-2.875,0.0,1.9937914447168055,1.9937914447168055,5.473944205806092,5.473944205806092,-3.480152761089286,-3.480152761089286
2026,1022600062,2026-05-30,1611661327,Portland Fire,1,100,0.5555555555555556,81.77777777777777,-3.4444444444444446,0.5555555555555556,81.77777777777777,-3.4444444444444446,1.0,5.0,4.0,99.9538256783551,104.16383735774234,-4.210011679387236,99.9538256783551,104.16383735774234,-4.210011679387236,1611661325,Indiana Fever,0,84,0.5714285714285714,92.85714285714286,5.428571428571429,0.5714285714285714,92.85714285714286,5.428571428571429,2.0,4.0,3.0,105.96328779628965,99.76851097127579,6.194776825013861,105.96328779628965,99.76851097127579,6.194776825013861,-0.015873015873015817,-0.015873015873015817,-11.07936507936509,-11.07936507936509,-8.873015873015873,-8.873015873015873,-1.0,-6.009462117934547,-6.009462117934547,4.39532638646655,4.39532638646655,-10.404788504401097,-10.404788504401097
2026,1022600076,2026-06-05,1611661327,Portland Fire,0,72,0.5454545454545454,83.0,-3.0,0.6,83.0,-1.8,3.0,6.0,5.0,102.13441918739933,105.8260247001969,-3.6916055127975653,102.33773919905308,104.55711185638194,-2.2193726573288615,1611661317,Phoenix Mercury,1,78,0.2727272727272727,82.0,-4.090909090909091,0.2,80.3,-7.8,2.0,3.0,8.0,100.17102369899828,105.16846944894831,-4.997445749950032,98.47927397596273,108.04513122393918,-9.565857247976453,0.2727272727272727,0.39999999999999997,1.0,2.700000000000003,1.0909090909090908,6.0,1.0,1.9633954884010478,3.8584652230903487,0.6575552512485814,-3.488019367557243,1.3058402371524664,7.3464845906475915
2026,1022600094,2026-06-11,1611661327,Portland Fire,0,89,0.46153846153846156,81.3076923076923,-4.3076923076923075,0.5,79.4,-2.5,4.0,6.0,7.0,100.21997193461523,105.52963932187961,-5.309667387264383,98.42080472023204,101.51969655651139,-3.09889183627935,1611661319,Las Vegas Aces,1,105,0.7272727272727273,90.18181818181819,4.7272727272727275,0.8,92.6,8.5,3.0,8.0,3.0,107.03264927386115,101.42206685224747,5.610582421613685,110.00760311727807,99.90971298232274,10.097890134955321,-0.26573426573426573,-0.30000000000000004,-8.87412587412588,-13.199999999999989,-9.034965034965035,-11.0,1.0,-6.812677339245923,-11.586798397046024,4.107572469632146,1.6099835741886466,-10.920249808878069,-13.196781971234671
2026,1022600099,2026-06-13,1611661327,Portland Fire,1,84,0.42857142857142855,81.85714285714286,-5.142857142857143,0.4,80.0,-4.2,2.0,6.0,8.0,100.8181578252837,107.15228292425442,-6.334125098970716,98.99274878115178,104.18986809216224,-5.197119311010468,1611661321,Dallas Wings,0,83,0.6666666666666666,87.91666666666667,4.583333333333333,0.7,87.6,5.7,2.0,8.0,4.0,107.02836505295622,101.44868725398693,5.579677798969286,107.61670761670761,100.61425061425061,7.002457002457007,-0.23809523809523808,-0.29999999999999993,-6.05952380952381,-7.599999999999994,-9.726190476190476,-9.9,0.0,-6.210207227672512,-8.62395883555584,5.7035956702674895,3.575617477911635,-11.913802897940002,-12.199576313467475
2026,1022600112,2026-06-17,1611661327,Portland Fire,1,94,0.4375,81.5,-6.5,0.4,78.6,-7.6,2.0,7.0,9.0,99.99693260942917,107.97214809361677,-7.975215484187601,97.00350496124797,106.38297872340426,-9.379473762156294,1611661328,Seattle Storm,0,89,0.2,76.4,-6.733333333333333,0.2,74.8,-7.1,5.0,3.0,12.0,93.58157765801079,101.82916870814961,-8.247591050138823,92.74643521388717,101.54990700557967,-8.803471791692502,0.2375,0.2,5.099999999999994,3.799999999999997,0.2333333333333334,-0.5,-3.0,6.415354951418379,4.257069747360802,6.142979385467157,4.833071717824595,0.27237556595122214,-0.5760019704637926
2026,1022600034,2026-05-20,1611661328,Seattle Storm,0,78,0.25,80.0,-7.0,0.25,80.0,-7.0,3.0,1.0,3.0,95.70522789807393,104.0794353391554,-8.374207441081467,95.70522789807393,104.0794353391554,-8.374207441081467,1611661323,Connecticut Sun,1,80,0.0,80.4,-15.0,0.0,80.4,-15.0,2.0,0.0,5.0,92.39680058839753,109.63500965339706,-17.238209064999538,92.39680058839753,109.63500965339706,-17.238209064999538,0.25,0.25,-0.4000000000000057,-0.4000000000000057,8.0,8.0,1.0,3.3084273096764036,3.3084273096764036,-5.555574314241667,-5.555574314241667,8.864001623918071,8.864001623918071
2026,1022600040,2026-05-22,1611661328,Seattle Storm,1,77,0.2,79.6,-6.0,0.2,79.6,-6.0,2.0,1.0,4.0,95.19253767041377,102.36785458024396,-7.175316909830187,95.19253767041377,102.36785458024396,-7.175316909830187,1611661323,Connecticut Sun,0,59,0.16666666666666666,80.33333333333333,-12.166666666666666,0.16666666666666666,80.33333333333333,-12.166666666666666,2.0,1.0,5.0,92.90312632512239,106.97351682664507,-14.070390501522681,92.90312632512239,106.97351682664507,-14.070390501522681,0.033333333333333354,0.033333333333333354,-0.7333333333333343,-0.7333333333333343,6.166666666666666,6.166666666666666,0.0,2.2894113452913842,2.2894113452913842,-4.60566224640111,-4.60566224640111,6.895073591692494,6.895073591692494
2026,1022600046,2026-05-24,1611661328,Seattle Storm,1,97,0.3333333333333333,79.16666666666667,-2.0,0.3333333333333333,79.16666666666667,-2.0,2.0,2.0,4.0,96.16942014901198,98.59896339488176,-2.4295432458697803,96.16942014901198,98.59896339488176,-2.4295432458697803,1611661322,Washington Mystics,0,85,0.5,83.5,-5.75,0.5,83.5,-5.75,6.0,2.0,2.0,97.07609137941057,103.76097192350171,-6.684880544091143,97.07609137941057,103.76097192350171,-6.684880544091143,-0.16666666666666669,-0.16666666666666669,-4.333333333333329,-4.333333333333329,3.75,3.75,-4.0,-0.9066712303985867,-0.9066712303985867,-5.16200852861995,-5.16200852861995,4.255337298221363,4.255337298221363
2026,1022600053,2026-05-27,1611661328,Seattle Storm,0,64,0.42857142857142855,81.71428571428571,0.0,0.42857142857142855,81.71428571428571,0.0,3.0,3.0,4.0,98.89007987275683,98.89007987275683,0.0,98.89007987275683,98.89007987275683,0.0,1611661322,Washington Mystics,1,78,0.4,83.8,-7.0,0.4,83.8,-7.0,3.0,2.0,3.0,97.7692738473026,105.9361582975546,-8.166884450251999,97.7692738473026,105.9361582975546,-8.166884450251999,0.028571428571428525,0.028571428571428525,-2.085714285714289,-2.085714285714289,7.0,7.0,0.0,1.120806025454229,1.120806025454229,-7.04607842479777,-7.04607842479777,8.166884450251999,8.166884450251999
2026,1022600071,2026-06-03,1611661328,Seattle Storm,0,68,0.3,76.4,-5.8,0.3,76.4,-5.8,2.0,3.0,7.0,93.78145484005597,100.90098936979845,-7.119534529742481,93.78145484005597,100.90098936979845,-7.119534529742481,1611661317,Phoenix Mercury,1,72,0.2,83.0,-4.9,0.2,83.0,-4.9,2.0,2.0,8.0,101.47691705790298,107.46772300469485,-5.990805946791866,101.47691705790298,107.46772300469485,-5.990805946791866,0.09999999999999998,0.09999999999999998,-6.599999999999994,-6.599999999999994,-0.8999999999999995,-0.8999999999999995,0.0,-7.695462217847009,-7.695462217847009,-6.566733634896394,-6.566733634896394,-1.1287285829506146,-1.1287285829506146
2026,1022600090,2026-06-10,1611661328,Seattle Storm,0,83,0.23076923076923078,76.23076923076923,-7.076923076923077,0.2,74.9,-7.5,2.0,3.0,10.0,93.26532148772776,101.9236560758922,-8.658334588164436,91.67911087174717,100.8592621606404,-9.180151288893228,1611661320,Los Angeles Sparks,1,88,0.45454545454545453,88.72727272727273,-2.3636363636363638,0.5,89.8,0.1,3.0,5.0,6.0,106.38065964728708,109.2145706624812,-2.8339110151941185,108.16670681763429,108.04625391471934,0.12045290291494837,-0.22377622377622375,-0.3,-12.496503496503507,-14.899999999999991,-4.713286713286713,-7.6,-1.0,-13.115338159559315,-16.487595945887122,-7.290914586588997,-7.186991754078946,-5.824423572970318,-9.300604191808176
2026,1022600096,2026-06-12,1611661328,Seattle Storm,0,72,0.21428571428571427,76.71428571428571,-6.928571428571429,0.2,75.4,-6.9,2.0,3.0,11.0,93.83354592951127,102.30827028254906,-8.474724353037786,93.06114388684554,101.5773493619017,-8.516205475056154,1611661331,Golden State Valkyries,1,76,0.5833333333333334,85.91666666666667,5.416666666666667,0.5,84.5,3.8,3.0,7.0,5.0,107.5280031705638,100.74883711228384,6.779166058279969,105.17799352750808,100.44809559372665,4.72989793378143,-0.36904761904761907,-0.3,-9.202380952380963,-9.099999999999994,-12.345238095238095,-10.7,-1.0,-13.694457241052532,-12.116849640662537,1.5594331702652227,1.1292537681750474,-15.253890411317755,-13.246103408837584
2026,1022600126,2026-06-22,1611661328,Seattle Storm,0,110,0.17647058823529413,76.94117647058823,-7.411764705882353,0.0,73.6,-12.6,2.0,3.0,14.0,94.25804219993081,103.33794534763058,-9.079903147699767,90.94728517410967,106.51706497293823,-15.569779798828563,1611661321,Dallas Wings,1,112,0.625,87.9375,4.625,0.7,88.2,6.4,2.0,10.0,6.0,107.25229826353421,101.6114524415715,5.640845821962714,107.31754800087606,99.53033363346555,7.787214367410513,-0.44852941176470584,-0.7,-10.996323529411768,-14.600000000000009,-12.036764705882353,-19.0,0.0,-12.994256063603402,-16.370262826766393,1.7264929060590788,6.9867313394726835,-14.72074896966248,-23.356994166239076
2026,1022600134,2026-06-25,1611661328,Seattle Storm,1,99,0.16666666666666666,78.77777777777777,-7.111111111111111,0.0,78.2,-11.4,3.0,3.0,15.0,95.72801901058544,104.36919421041262,-8.641175199827174,94.08537465710572,107.80114538716973,-13.715770730064008,1611661313,New York Liberty,0,88,0.6666666666666666,88.94444444444444,5.888888888888889,0.8,89.7,8.3,2.0,12.0,6.0,108.00782567631384,100.85677663091143,7.1510490454024165,109.84839207426096,99.684048103064,10.164343971196956,-0.5,-0.8,-10.166666666666671,-11.5,-13.0,-19.700000000000003,1.0,-12.279806665728401,-15.76301741715524,3.5124175795011894,8.117097284105725,-15.79222424522959,-23.880114701260965
2026,1022600140,2026-06-27,1611661328,Seattle Storm,1,105,0.21052631578947367,79.84210526315789,-6.157894736842105,0.1,80.9,-8.2,2.0,4.0,15.0,96.74868301891605,104.21051288919502,-7.461829870278962,96.84679292264228,106.6631551224651,-9.81636219982282,1611661330,Atlanta Dream,0,90,0.6666666666666666,88.22222222222223,5.555555555555555,0.6,91.0,5.5,1.0,12.0,6.0,106.08165882855921,99.40145361265498,6.6802052159042375,108.81262704771014,102.23603969867271,6.576587349037425,-0.45614035087719296,-0.5,-8.380116959064338,-10.099999999999994,-11.71345029239766,-13.7,1.0,-9.332975809643159,-11.965834125067857,4.80905927654004,4.427115423792387,-14.1420350861832,-16.392949548860244
2026,1022600033,2026-05-20,1611661329,Chicago Sky,0,89,0.75,84.0,5.0,0.75,84.0,5.0,3.0,3.0,1.0,101.08303249097473,95.0661853188929,6.016847172081825,101.08303249097473,95.0661853188929,6.016847172081825,1611661321,Dallas Wings,1,99,0.5,89.25,4.25,0.5,89.25,4.25,2.0,2.0,2.0,109.62353374685253,104.40336547319289,5.220168273659638,109.62353374685253,104.40336547319289,5.220168273659638,0.25,0.25,-5.25,-5.25,0.75,0.75,1.0,-8.5405012558778,-8.5405012558778,-9.337180154299986,-9.337180154299986,0.7966788984221864,0.7966788984221864
2026,1022600041,2026-05-23,1611661329,Chicago Sky,0,75,0.6,85.0,2.0,0.6,85.0,2.0,3.0,3.0,2.0,102.59752800308999,100.18346852066435,2.4140594824256425,102.59752800308999,100.18346852066435,2.4140594824256425,1611661324,Minnesota Lynx,1,85,0.6,89.4,5.6,0.6,89.4,5.6,2.0,3.0,2.0,107.80956056147798,101.05638898268293,6.7531715787950475,107.80956056147798,101.05638898268293,6.7531715787950475,0.0,0.0,-4.400000000000006,-4.400000000000006,-3.5999999999999996,-3.5999999999999996,1.0,-5.212032558387989,-5.212032558387989,-0.872920462018584,-0.872920462018584,-4.339112096369405,-4.339112096369405
2026,1022600050,2026-05-27,1611661329,Chicago Sky,0,104,0.5,83.33333333333333,0.0,0.5,83.33333333333333,0.0,4.0,3.0,3.0,98.72447972199187,98.72447972199187,0.0,98.72447972199187,98.72447972199187,0.0,1611661332,Toronto Tempo,1,111,0.42857142857142855,86.0,-3.2857142857142856,0.42857142857142855,86.0,-3.2857142857142856,4.0,3.0,4.0,104.65561002746774,108.65408017801884,-3.9984701505510998,104.65561002746774,108.65408017801884,-3.9984701505510998,0.07142857142857145,0.07142857142857145,-2.6666666666666714,-2.6666666666666714,3.2857142857142856,3.2857142857142856,0.0,-5.931130305475875,-5.931130305475875,-9.929600456026975,-9.929600456026975,3.9984701505510998,3.9984701505510998
2026,1022600058,2026-05-29,1611661329,Chicago Sky,0,58,0.42857142857142855,86.28571428571429,-1.0,0.42857142857142855,86.28571428571429,-1.0,2.0,3.0,4.0,102.03736865222825,103.21992093793288,-1.182552285704631,102.03736865222825,103.21992093793288,-1.182552285704631,1611661324,Minnesota Lynx,1,79,0.7142857142857143,89.71428571428571,7.571428571428571,0.7142857142857143,89.71428571428571,7.571428571428571,2.0,5.0,2.0,106.97373351957212,97.94569549960822,9.028038019963901,106.97373351957212,97.94569549960822,9.028038019963901,-0.28571428571428575,-0.28571428571428575,-3.4285714285714164,-3.4285714285714164,-8.571428571428571,-8.571428571428571,0.0,-4.936364867343869,-4.936364867343869,5.274225438324663,5.274225438324663,-10.210590305668532,-10.210590305668532
2026,1022600074,2026-06-05,1611661329,Chicago Sky,1,85,0.3333333333333333,81.55555555555556,-5.111111111111111,0.3333333333333333,81.55555555555556,-5.111111111111111,3.0,3.0,6.0,96.02051228382304,102.03814656864029,-6.017634284817248,96.02051228382304,102.03814656864029,-6.017634284817248,1611661323,Connecticut Sun,0,80,0.18181818181818182,75.54545454545455,-12.818181818181818,0.2,75.6,-11.0,3.0,2.0,9.0,90.43815162266286,105.78325316152623,-15.345101538863375,91.55424225543149,104.87562671058687,-13.321384455155382,0.1515151515151515,0.1333333333333333,6.01010101010101,5.955555555555563,7.707070707070708,5.888888888888889,0.0,5.58236066116018,4.466270028391548,-3.7451065928859464,-2.8374801419465854,9.327467254046127,7.303750170338134
2026,1022600086,2026-06-09,1611661329,Chicago Sky,0,75,0.36363636363636365,80.63636363636364,-5.2727272727272725,0.3,78.9,-7.3,2.0,4.0,7.0,95.11656336457418,101.33613571535805,-6.219572350783878,92.8606736812372,101.45234564414001,-8.591671962902808,1611661330,Atlanta Dream,1,82,0.7,85.8,6.5,0.7,85.8,6.5,3.0,7.0,3.0,104.54490069452908,96.62483246009505,7.9200682344340265,104.54490069452908,96.62483246009505,7.9200682344340265,-0.3363636363636363,-0.39999999999999997,-5.163636363636357,-6.8999999999999915,-11.772727272727273,-13.8,-1.0,-9.4283373299549,-11.684227013291874,4.7113032552630045,4.82751318404496,-14.139640585217904,-16.511740197336835
2026,1022600108,2026-06-17,1611661329,Chicago Sky,0,95,0.3076923076923077,82.15384615384616,-5.615384615384615,0.2,81.8,-8.6,6.0,4.0,9.0,96.19541720709036,102.77057212854878,-6.57515492145842,94.84277896299045,104.81402467303589,-9.971245710045437,1611661313,New York Liberty,1,96,0.7142857142857143,88.42857142857143,7.0,0.7,83.8,4.6,3.0,10.0,4.0,107.05638187478381,98.58180560359736,8.47457627118645,103.4338048334938,97.75605421017552,5.677750623318275,-0.4065934065934066,-0.49999999999999994,-6.27472527472527,-2.0,-12.615384615384615,-13.2,3.0,-10.860964667693452,-8.591025870503344,4.1887665249514185,7.057970462860368,-15.04973119264487,-15.648996333363712
2026,1022600130,2026-06-24,1611661329,Chicago Sky,1,101,0.25,82.375,-6.5,0.1,81.8,-10.4,2.0,4.0,12.0,96.56668083173365,104.1865099717187,-7.6198291399850575,95.29356943150047,107.40913327120224,-12.115563839701764,1611661327,Portland Fire,0,78,0.47058823529411764,82.23529411764706,-5.823529411764706,0.4,79.9,-7.8,7.0,8.0,9.0,100.89055035145707,108.03516014029415,-7.144609788837087,98.75169941910764,108.39204053887033,-9.640341119762695,-0.22058823529411764,-0.30000000000000004,0.139705882352942,1.8999999999999915,-0.6764705882352944,-2.6000000000000005,-5.0,-4.3238695197234165,-3.4581299876071654,-3.848650168575446,-0.9829072676680966,-0.4752193511479703,-2.475222719939069
2026,1022600136,2026-06-26,1611661329,Chicago Sky,1,124,0.29411764705882354,83.47058823529412,-4.764705882352941,0.2,81.5,-7.4,2.0,5.0,12.0,98.02160758199551,103.61692133403332,-5.595313752037811,95.24366016127146,103.89155077714152,-8.647890615870054,1611661327,Portland Fire,0,94,0.4444444444444444,82.0,-6.777777777777778,0.3,80.6,-11.1,2.0,8.0,10.0,100.51483206668301,108.82296859251996,-8.308136525836943,99.10729655952585,112.7560681700809,-13.648771610555045,-0.15032679738562088,-0.09999999999999998,1.470588235294116,0.9000000000000057,2.0130718954248366,3.6999999999999993,0.0,-2.4932244846875022,-3.8636363982543855,-5.206047258486635,-8.864517392939376,2.7128227737991324,5.000880994684991
2026,1022600143,2026-06-28,1611661329,Chicago Sky,0,99,0.3333333333333333,85.72222222222223,-2.8333333333333335,0.3,88.1,-2.3,2.0,6.0,12.0,100.49760316798665,103.81929970821174,-3.3216965402250906,102.8604786923526,105.54582603619382,-2.685347343841215,1611661319,Las Vegas Aces,1,107,0.7222222222222222,89.77777777777777,4.111111111111111,0.8,88.8,4.7,3.0,13.0,5.0,108.94039288651592,103.95178578651458,4.988607100001346,111.46256966410604,105.56308681026259,5.899482853843452,-0.3888888888888889,-0.5,-4.055555555555543,-0.7000000000000028,-6.944444444444445,-7.0,-1.0,-8.44278971852927,-8.60209097175344,-0.13248607830283277,-0.0172607740687738,-8.310303640226437,-8.584830197684667
2026,1022600038,2026-05-22,1611661330,Atlanta Dream,1,86,0.6666666666666666,84.0,1.6666666666666667,0.6666666666666666,84.0,1.6666666666666667,5.0,2.0,1.0,98.0010889009878,96.05662285136502,1.9444660496227755,98.0010889009878,96.05662285136502,1.9444660496227755,1611661321,Dallas Wings,0,69,0.6,91.2,5.4,0.6,91.2,5.4,2.0,3.0,2.0,111.90184049079754,105.2760736196319,6.625766871165638,111.90184049079754,105.2760736196319,6.625766871165638,0.06666666666666665,0.06666666666666665,-7.200000000000003,-7.200000000000003,-3.7333333333333334,-3.7333333333333334,3.0,-13.900751589809744,-13.900751589809744,-9.219450768266881,-9.219450768266881,-4.681300821542862,-4.681300821542862
2026,1022600044,2026-05-24,1611661330,Atlanta Dream,1,82,0.75,84.5,5.5,0.75,84.5,5.5,2.0,3.0,1.0,99.51713579083736,93.03968908255801,6.477446708279345,99.51713579083736,93.03968908255801,6.477446708279345,1611661317,Phoenix Mercury,0,80,0.3333333333333333,88.5,0.6666666666666666,0.3333333333333333,88.5,0.6666666666666666,3.0,2.0,4.0,106.02611716784473,105.22742701968771,0.7986901481570214,106.02611716784473,105.22742701968771,0.7986901481570214,0.4166666666666667,0.4166666666666667,-4.0,-4.0,4.833333333333333,4.833333333333333,-1.0,-6.508981377007373,-6.508981377007373,-12.187737937129697,-12.187737937129697,5.6787565601223235,5.6787565601223235
2026,1022600066,2026-06-02,1611661330,Atlanta Dream,1,91,0.7142857142857143,83.85714285714286,4.142857142857143,0.7142857142857143,83.85714285714286,4.142857142857143,4.0,5.0,2.0,101.06401294721257,96.07107193278469,4.992941014427885,101.06401294721257,96.07107193278469,4.992941014427885,1611661323,Connecticut Sun,0,75,0.2,75.6,-12.5,0.2,75.6,-12.5,3.0,2.0,8.0,90.1051226430836,105.00345641343472,-14.898333770351115,90.1051226430836,105.00345641343472,-14.898333770351115,0.5142857142857142,0.5142857142857142,8.257142857142867,8.257142857142867,16.642857142857142,16.642857142857142,1.0,10.958890304128971,10.958890304128971,-8.932384480650029,-8.932384480650029,19.891274784779,19.891274784779
2026,1022600079,2026-06-06,1611661330,Atlanta Dream,1,109,0.6666666666666666,83.22222222222223,3.6666666666666665,0.6666666666666666,83.22222222222223,3.6666666666666665,2.0,6.0,3.0,101.046894393179,96.59489504074254,4.451999352436459,101.046894393179,96.59489504074254,4.451999352436459,1611661322,Washington Mystics,0,77,0.5,84.25,-1.0,0.5,84.25,-1.0,4.0,4.0,4.0,100.76847172801483,101.96453667434142,-1.1960649463265867,100.76847172801483,101.96453667434142,-1.1960649463265867,0.16666666666666663,0.16666666666666663,-1.0277777777777715,-1.0277777777777715,4.666666666666666,4.666666666666666,-2.0,0.2784226651641717,0.2784226651641717,-5.369641633598874,-5.369641633598874,5.648064298763046,5.648064298763046
2026,1022600092,2026-06-11,1611661330,Atlanta Dream,0,90,0.7272727272727273,85.45454545454545,6.545454545454546,0.7,84.9,7.1,2.0,8.0,3.0,104.47694838394166,96.47445872049082,8.002489663450845,104.5849860799724,95.83877405208307,8.746212027889328,1611661313,New York Liberty,1,104,0.6666666666666666,87.33333333333333,5.166666666666667,0.6,84.4,2.6,3.0,8.0,4.0,105.81155849925287,99.55171438956424,6.259844109688629,104.29023329379201,101.07750098853302,3.212732305258996,0.06060606060606066,0.09999999999999998,-1.8787878787878753,0.5,1.378787878787879,4.5,-1.0,-1.3346101153112073,0.29475278618038203,-3.0772556690734234,-5.23872693644995,1.742645553762216,5.533479722630332
2026,1022600117,2026-06-20,1611661330,Atlanta Dream,1,113,0.7142857142857143,88.57142857142857,6.428571428571429,0.7,90.2,6.8,2.0,10.0,4.0,107.1904012724538,99.41045279300151,7.779948479452287,110.37959813015492,102.05829804938935,8.321300080765567,1611661325,Indiana Fever,0,96,0.6,92.2,4.066666666666666,0.6,91.1,2.9,2.0,9.0,6.0,106.35025607111548,101.65946386552037,4.690792205595116,106.16478265936372,102.78522316746302,3.3795594919007073,0.11428571428571432,0.09999999999999998,-3.6285714285714334,-0.8999999999999915,2.3619047619047624,3.9,0.0,0.8401452013383164,4.214815470791194,-2.2490110725188543,-0.726925118073666,3.0891562738571707,4.94174058886486
2026,1022600124,2026-06-22,1611661330,Atlanta Dream,1,94,0.7333333333333333,90.2,7.133333333333334,0.7,93.3,8.3,2.0,11.0,4.0,108.43431429120984,99.85894723344234,8.575367057767508,112.63762796986671,102.61734595325477,10.020282016611944,1611661332,Toronto Tempo,0,87,0.5,89.5625,-2.0625,0.5,91.1,-2.9,3.0,8.0,8.0,106.7157176687866,109.17323245111035,-2.4575147823237558,107.21683457301572,110.6298841916957,-3.4130496186799775,0.23333333333333328,0.19999999999999996,0.6375000000000028,2.200000000000003,9.195833333333333,11.200000000000001,-1.0,1.7185966224232487,5.420793396850996,-9.314285217668015,-8.012538238440925,11.032881840091264,13.433331635291921
2026,1022600048,2026-05-25,1611661331,Golden State Valkyries,1,97,0.6,83.6,6.0,0.6,83.6,6.0,3.0,3.0,2.0,104.65698547821734,97.1457185778668,7.511266900350535,104.65698547821734,97.1457185778668,7.511266900350535,1611661323,Connecticut Sun,0,70,0.14285714285714285,77.28571428571429,-13.0,0.14285714285714285,77.28571428571429,-13.0,3.0,1.0,6.0,90.97941611731468,106.28279295035652,-15.303376833041838,90.97941611731468,106.28279295035652,-15.303376833041838,0.45714285714285713,0.45714285714285713,6.3142857142857025,6.3142857142857025,19.0,19.0,0.0,13.677569360902652,13.677569360902652,-9.137074372489721,-9.137074372489721,22.814643733392373,22.814643733392373
2026,1022600055,2026-05-28,1611661331,Golden State Valkyries,1,90,0.6666666666666666,85.83333333333333,9.5,0.6666666666666666,85.83333333333333,9.5,3.0,4.0,2.0,107.04190222813435,95.1945460591952,11.847356168939143,107.04190222813435,95.1945460591952,11.847356168939143,1611661325,Indiana Fever,0,88,0.6666666666666666,93.66666666666667,6.666666666666667,0.6666666666666666,93.66666666666667,6.666666666666667,6.0,4.0,2.0,106.31053268765133,98.74394673123487,7.566585956416461,106.31053268765133,98.74394673123487,7.566585956416461,0.0,0.0,-7.833333333333343,-7.833333333333343,2.833333333333333,2.833333333333333,-3.0,0.7313695404830156,0.7313695404830156,-3.549400672039667,-3.549400672039667,4.2807702125226825,4.2807702125226825
2026,1022600063,2026-05-31,1611661331,Golden State Valkyries,0,81,0.7142857142857143,86.42857142857143,8.428571428571429,0.7142857142857143,86.42857142857143,8.428571428571429,3.0,5.0,2.0,106.9093479413324,96.48347764622726,10.425870295105142,106.9093479413324,96.48347764622726,10.425870295105142,1611661319,Las Vegas Aces,1,91,0.5714285714285714,91.0,2.4285714285714284,0.5714285714285714,91.0,2.4285714285714284,3.0,4.0,3.0,105.4915209326974,102.67620561738208,2.815315315315317,105.4915209326974,102.67620561738208,2.815315315315317,0.1428571428571429,0.1428571428571429,-4.571428571428569,-4.571428571428569,6.0,6.0,0.0,1.417827008635001,1.417827008635001,-6.192727971154824,-6.192727971154824,7.610554979789825,7.610554979789825
2026,1022600068,2026-06-02,1611661331,Golden State Valkyries,1,95,0.625,85.75,6.125,0.625,85.75,6.125,2.0,5.0,3.0,105.74018126888218,98.18731117824774,7.552870090634443,105.74018126888218,98.18731117824774,7.552870090634443,1611661327,Portland Fire,0,77,0.6,83.6,-1.5,0.6,83.6,-1.5,3.0,6.0,4.0,102.08318069699857,103.91481671428922,-1.8316360172906485,102.08318069699857,103.91481671428922,-1.8316360172906485,0.025000000000000022,0.025000000000000022,2.1500000000000057,2.1500000000000057,7.625,7.625,-1.0,3.6570005718836143,3.6570005718836143,-5.727505536041477,-5.727505536041477,9.384506107925091,9.384506107925091
2026,1022600088,2026-06-09,1611661331,Golden State Valkyries,1,87,0.5454545454545454,85.81818181818181,5.363636363636363,0.5,85.3,4.8,3.0,6.0,5.0,107.18746451686158,100.48824798455773,6.699216532303851,106.23723409555123,100.25905445125292,5.978179644298308,1611661317,Phoenix Mercury,0,81,0.3333333333333333,81.66666666666667,-3.25,0.3,80.2,-5.6,4.0,4.0,8.0,100.20040080160321,104.18796777227925,-3.987566970676042,98.36387274020655,105.2321730811686,-6.868300340962051,0.2121212121212121,0.2,4.151515151515142,5.099999999999994,8.613636363636363,10.399999999999999,-1.0,6.9870637152583726,7.873361355344684,-3.69971978772152,-4.973118629915675,10.686783502979893,12.846479985260359
2026,1022600105,2026-06-15,1611661331,Golden State Valkyries,1,78,0.6153846153846154,85.15384615384616,5.3076923076923075,0.6,85.8,4.8,3.0,8.0,5.0,106.56116437564975,99.91914057987753,6.642023795772218,106.67926592728901,100.71119510618193,5.9680708211070765,1611661320,Los Angeles Sparks,0,58,0.5384615384615384,90.38461538461539,-0.9230769230769231,0.6,92.0,2.0,2.0,7.0,6.0,107.66580534022395,108.76537101178369,-1.0995656715597306,109.5029518187012,107.12245286612074,2.380498952580467,0.07692307692307698,0.0,-5.230769230769226,-6.200000000000003,6.230769230769231,2.8,1.0,-1.1046409645742017,-2.8236858914121967,-8.84623043190615,-6.411257759938806,7.7415894673319485,3.5875718685266094
2026,1022600109,2026-06-17,1611661331,Golden State Valkyries,1,91,0.6428571428571429,84.64285714285714,6.357142857142857,0.6,84.9,5.1,2.0,9.0,5.0,106.19040791454584,98.2149258011327,7.97548211341315,105.74958895919485,99.39714015245876,6.352448806736092,1611661321,Dallas Wings,0,80,0.6428571428571429,88.14285714285714,6.0,0.7,87.7,6.7,2.0,9.0,5.0,107.50065336701802,100.18294276504922,7.317710601968798,106.65985600311345,98.51138353765324,8.148472465460202,0.0,-0.09999999999999998,-3.5,-2.799999999999997,0.35714285714285676,-1.6000000000000005,0.0,-1.3102454524721736,-0.9102670439185943,-1.9680169639165257,0.8857566148055156,0.6577715114443521,-1.7960236587241099
2026,1022600116,2026-06-19,1611661331,Golden State Valkyries,0,75,0.6666666666666666,85.06666666666666,6.666666666666667,0.7,85.8,7.0,2.0,10.0,5.0,106.87841324086172,98.50236204643682,8.376051194424903,107.9951666498842,99.18437216795891,8.810794481925285,1611661324,Minnesota Lynx,1,81,0.8,93.06666666666666,13.4,0.9,94.9,17.3,2.0,12.0,3.0,111.44640832814422,95.40004151298878,16.046366815155437,113.24582338902148,92.60143198090692,20.644391408114558,-0.13333333333333341,-0.20000000000000007,-8.0,-9.100000000000009,-6.733333333333333,-10.3,0.0,-4.5679950872824975,-5.250656739137284,3.1023205334480366,6.582940187051989,-7.670315620730534,-11.833596926189273
2026,1022600131,2026-06-24,1611661331,Golden State Valkyries,1,77,0.5882352941176471,83.76470588235294,4.411764705882353,0.5,81.9,1.6,3.0,10.0,7.0,105.65052231718897,100.08606362773028,5.564458689458689,104.73949407882957,102.69330127631275,2.0461928025168135,1611661330,Atlanta Dream,0,66,0.75,90.4375,7.125,0.8,94.6,10.5,2.0,12.0,4.0,108.30514056465375,99.77246190233825,8.532678662315504,113.10648269925154,100.55238049690333,12.554102202348218,-0.16176470588235292,-0.30000000000000004,-6.672794117647058,-12.699999999999989,-2.7132352941176467,-8.9,1.0,-2.654618247464782,-8.366988620421978,0.3136017253920329,2.140920779409427,-2.968219972856815,-10.507909399831405
2026,1022600137,2026-06-26,1611661331,Golden State Valkyries,1,78,0.6111111111111112,83.38888888888889,4.777777777777778,0.6,81.5,3.7,2.0,11.0,7.0,105.45766236686056,99.41545119860606,6.042211168254497,105.2210287130758,100.44412311505886,4.776905598016938,1611661330,Atlanta Dream,0,75,0.7058823529411765,89.0,6.0588235294117645,0.7,92.6,7.4,2.0,12.0,5.0,107.18941283155748,99.89231466787577,7.29709816368171,111.47225231732273,102.56410256410255,8.908149753220172,-0.09477124183006536,-0.09999999999999998,-5.611111111111114,-11.099999999999994,-1.2810457516339868,-3.7,0.0,-1.7317504646969155,-6.251223604246931,-0.476863469269702,-2.119979449043697,-1.2548869954272135,-4.131244155203234
2026,1022600144,2026-06-28,1611661331,Golden State Valkyries,1,76,0.631578947368421,83.10526315789474,4.684210526315789,0.6,79.8,2.2,2.0,12.0,7.0,104.6554786712267,98.75659481958695,5.898883851639752,101.65346105831699,98.8509846882882,2.802476370028799,1611661313,New York Liberty,0,67,0.631578947368421,88.89473684210526,5.0,0.7,91.0,6.5,3.0,12.0,7.0,107.64818355640536,101.59337157425111,6.0548119821542485,110.34315508669819,102.46150115193403,7.881653934764159,0.0,-0.09999999999999998,-5.78947368421052,-11.200000000000003,-0.3157894736842106,-4.3,-1.0,-2.9927048851786537,-8.689694028381197,-2.8367767546641574,-3.610516463645837,-0.1559281305144964,-5.07917756473536
2026,1022600042,2026-05-23,1611661332,Toronto Tempo,0,80,0.5,87.0,-0.6666666666666666,0.5,87.0,-0.6666666666666666,2.0,3.0,3.0,105.85229346635845,106.66342215192441,-0.8111286855659614,105.85229346635845,106.66342215192441,-0.8111286855659614,1611661327,Portland Fire,1,99,0.4,83.8,-9.4,0.4,83.8,-9.4,3.0,2.0,3.0,101.77808006218422,113.19471434123591,-11.416634279051692,101.77808006218422,113.19471434123591,-11.416634279051692,0.09999999999999998,0.09999999999999998,3.200000000000003,3.200000000000003,8.733333333333334,8.733333333333334,-1.0,4.07421340417423,4.07421340417423,-6.5312921893115,-6.5312921893115,10.60550559348573,10.60550559348573
2026,1022600060,2026-05-30,1611661332,Toronto Tempo,1,93,0.5,89.125,-2.0,0.5,89.125,-2.0,3.0,4.0,4.0,107.91584682912062,110.33752081126077,-2.421673982140149,107.91584682912062,110.33752081126077,-2.421673982140149,1611661328,Seattle Storm,0,72,0.375,79.5,-1.75,0.375,79.5,-1.75,3.0,3.0,5.0,97.82809327508768,99.98154186919338,-2.153448594105697,97.82809327508768,99.98154186919338,-2.153448594105697,0.125,0.125,9.625,9.625,-0.25,-0.25,0.0,10.087753554032943,10.087753554032943,10.355978942067395,10.355978942067395,-0.26822538803445184,-0.26822538803445184
2026,1022600081,2026-06-07,1611661332,Toronto Tempo,1,85,0.5,88.8,-1.0,0.5,88.8,-1.0,4.0,5.0,5.0,107.9215381249848,109.13687076152742,-1.2153326365426125,107.9215381249848,109.13687076152742,-1.2153326365426125,1611661329,Chicago Sky,0,68,0.4,81.9,-4.1,0.4,81.9,-4.1,2.0,4.0,6.0,96.82224428997021,101.66926750839363,-4.847023218423416,96.82224428997021,101.66926750839363,-4.847023218423416,0.09999999999999998,0.09999999999999998,6.8999999999999915,6.8999999999999915,3.0999999999999996,3.0999999999999996,2.0,11.099293835014592,11.099293835014592,7.467603253133788,7.467603253133788,3.631690581880804,3.631690581880804
2026,1022600089,2026-06-10,1611661332,Toronto Tempo,1,106,0.5454545454545454,88.45454545454545,0.6363636363636364,0.6,90.8,1.0,3.0,6.0,5.0,106.98421075779567,106.21454017680432,0.7696705809913453,110.0019383601473,108.7904632680752,1.2114750920721065,1611661323,Connecticut Sun,0,102,0.15384615384615385,76.23076923076923,-11.923076923076923,0.2,76.5,-8.8,2.0,2.0,11.0,91.44090942644128,105.74296892300879,-14.302059496567509,93.56195880827748,104.32464165158261,-10.762682843305129,0.39160839160839156,0.39999999999999997,12.223776223776227,14.299999999999997,12.55944055944056,9.8,1.0,15.543301331354385,16.439979551869826,0.4715712537955312,4.46582161649259,15.071730077558854,11.974157935377235
2026,1022600102,2026-06-14,1611661332,Toronto Tempo,0,77,0.5384615384615384,89.53846153846153,0.7692307692307693,0.6,91.8,0.4,2.0,7.0,6.0,107.45342761663866,106.53028820412459,0.9231394125140753,109.77184674989239,109.29353804945713,0.47830870043526375,1611661330,Atlanta Dream,1,102,0.6666666666666666,85.83333333333333,4.833333333333333,0.6,86.2,5.2,3.0,8.0,4.0,104.74718301265102,98.84879794980272,5.898385062848305,105.69424689783708,99.3182598459954,6.375987051841676,-0.1282051282051282,0.0,3.7051282051282044,5.599999999999994,-4.064102564102564,-4.8,-1.0,2.706244603987642,4.0775998520553145,7.681490254321872,9.975278203461727,-4.97524565033423,-5.897678351406412
2026,1022600132,2026-06-25,1611661332,Toronto Tempo,1,125,0.47058823529411764,89.41176470588235,-2.3529411764705883,0.5,91.8,-1.7,3.0,8.0,9.0,106.21200475158969,109.00705750821048,-2.795052756620791,107.25802682619059,109.24428658223115,-1.9862597560405675,1611661320,Los Angeles Sparks,0,97,0.5,88.375,-2.9375,0.5,86.5,-2.0,4.0,8.0,8.0,105.33686939420124,108.83816561876098,-3.501296224559738,103.13580541313938,105.52044831286514,-2.384642899725762,-0.02941176470588236,0.0,1.036764705882348,5.299999999999997,0.5845588235294117,0.30000000000000004,-1.0,0.8751353573884444,4.122221413051207,0.1688918894494975,3.723838269366013,0.7062434679389469,0.39838314368519434
2026,1022600138,2026-06-27,1611661332,Toronto Tempo,0,80,0.5,91.38888888888889,-0.6666666666666666,0.5,93.2,0.4,2.0,9.0,9.0,108.31204403592405,109.10216229028944,-0.790118254365396,108.61711302239938,108.15094515535044,0.466167867048938,1611661317,Phoenix Mercury,1,89,0.3157894736842105,83.6842105263158,-3.473684210526316,0.4,83.7,-5.1,3.0,6.0,13.0,101.94137409278588,106.17290282871285,-4.231528735926972,101.93642674461088,108.14760686883449,-6.211180124223603,0.1842105263157895,0.09999999999999998,7.704678362573091,9.5,2.8070175438596494,5.5,-1.0,6.370669943138168,6.680686277788496,2.929259461576592,0.0033382865159552466,3.441410481561576,6.677347991272541
